"X","years","sport","sex","ss01","ss02","ss03","ss04","ss05","ss06","ss07","ss08","ss09","ss10","ss11","ss12","ppfi_j00","ppfi_j01","ppfi_j02","ppfi_j03","ppfi_j04","ppfi_j05","ppfi_j06","ppfi_j07","ppfi_j08","ppfi_j09","ppfi_j10","ppfi_j11","ppfi_j12","ppfi_j13","ppfi_j14","ppfi_j15","panas01","panas02","panas03","panas04","panas05","panas06","panas07","panas08","panas09","panas10","panas11","panas12","panas13","panas14","panas15","panas16","panas17","panas18","panas19","panas20"
"1","10","ソフトテニス","女性",1,1,1,1,1,1,1,1,1,1,1,1,"クラブで頑張る
",4,4,4,4,4,4,4,4,4,4,4,4,4,4,4,3,3,3,3,3,3,3,3,3,3,3,3,3,3,3,3,3,3,3,3
"2","13年","競泳","女性",1,0,1,1,1,1,1,1,0,0,0,1,"ベストタイムを出す。",2,0,0,0,2,1,4,1,1,4,0,5,5,5,6,4,4,4,4,0,3,1,3,5,5,5,5,3,4,3,4,5,0,0,5
"3","12","バスケットボール","女性",3,2,1,3,3,1,1,0,1,1,1,1,"人とのコネクションの場",1,1,2,2,1,4,2,4,5,1,2,4,1,1,5,5,3,4,1,4,2,1,2,3,2,3,3,2,2,2,2,3,2,2,4
"4","11年","ソフトテニス","男性",3,3,3,4,3,3,3,2,2,2,2,3,"団体メンバーに入る",2,3,1,1,1,4,4,5,3,4,5,4,2,3,3,3,3,2,3,2,2,3,2,2,3,2,3,2,3,2,2,3,2,2,3
"5","12","バレー","男性",2,1,1,1,2,3,3,2,3,3,1,2,"しあいにでる",2,1,1,1,0,1,1,1,1,2,6,4,4,6,4,4,4,2,2,2,1,4,3,4,3,2,4,2,3,1,2,5,1,5,5
"6","10年","陸上競技","男性",3,3,4,4,2,3,2,2,3,2,3,3,"全国大会入賞",0,0,0,0,1,3,5,2,4,5,6,5,5,5,5,3,4,2,4,1,2,3,4,3,4,3,4,4,3,1,2,4,0,1,4
"7","13","バレー","男性",1,1,1,1,1,1,1,1,1,1,1,1,"ミスを減らす",3,3,3,3,3,3,3,3,3,3,3,4,3,4,4,3,3,3,2,3,3,3,3,2,3,3,3,2,3,2,3,3,2,3,2
"8","9年","バレーボール","男性",1,2,1,0,3,3,3,2,1,1,3,3,"チームのために貢献することが目標",4,3,4,2,4,3,5,3,4,2,2,3,4,5,3,2,2,3,1,4,3,3,4,2,2,3,4,3,4,3,4,1,2,5,3
"9","2","ソフトテニス","男性",1,0,2,0,3,3,3,4,3,0,0,0,"サーブの精度を上げる",0,0,6,1,0,5,5,5,6,5,5,6,4,1,5,5,5,5,3,3,2,0,3,1,1,5,5,3,0,2,4,4,0,0,1
"10","3","ソフトテニス","女性",2,1,3,3,3,2,1,1,1,0,1,1,"毎練習で目標を決めて練習に臨む。",5,6,4,5,5,4,3,5,5,1,0,4,1,1,4,3,4,2,4,1,0,3,3,3,4,2,3,4,0,3,2,2,3,2,3
"11","2ヶ月","ソフトテニス","女性",2,0,3,0,2,4,2,0,0,0,0,1,"そのスポーツを好きになり、仲間と共に楽しみながら日々の練習に励むこと。",2,2,1,1,3,2,4,3,4,3,4,4,2,2,3,3,3,2,1,1,2,1,3,1,3,3,4,2,3,2,2,3,3,2,2
"12","10","ソフトテニス","女性",1,1,2,2,3,2,1,1,1,2,1,2,"自分のやるべきことをどんな時もやれるようになる",5,2,2,2,2,4,4,4,2,2,2,4,1,1,4,4,4,4,4,3,3,3,3,2,2,2,4,2,4,3,2,1,1,2,2
"13","12","ソフトテニス","女性",1,2,1,2,1,1,1,1,1,1,2,2,"年に2回ある団体戦で活躍する。",2,1,1,4,4,4,4,2,2,2,1,1,1,1,4,3,4,3,1,3,3,3,3,3,2,1,3,2,3,3,1,1,2,3,2
"14","2年半","軟式テニス","男性",3,2,3,3,2,3,4,3,2,2,2,1,"個人戦で関東ベスト4",1,1,0,1,2,5,3,2,2,4,6,6,4,5,5,4,3,2,1,1,0,3,3,2,4,2,4,4,3,1,1,3,0,2,4
"15","13年","ソフトテニス","男性",2,2,1,3,3,3,3,4,1,2,3,3,"インカレ優勝",2,3,1,3,4,2,4,1,4,2,2,4,2,2,2,1,3,1,2,1,3,3,4,1,2,2,3,3,4,0,2,3,0,2,1
"16","11年","ソフトテニス","女性",0,1,2,2,3,3,1,0,0,0,4,3,"インカレのシングルスで優勝すること",1,1,1,1,1,5,1,5,1,3,6,5,3,4,6,4,4,4,3,3,2,4,3,2,4,5,5,3,5,1,3,5,0,2,3
"17","9","ソフトテニス","男性",2,2,3,2,3,1,1,3,3,2,1,3,"楽しくやる",4,1,0,2,1,1,3,3,4,4,4,4,4,4,4,4,3,2,3,2,3,3,2,3,3,2,3,2,3,3,2,3,2,3,2
"18","6","ソフトテニス","男性",1,1,1,1,3,3,2,2,0,0,3,2,"インカレ優勝",0,0,6,0,3,5,1,0,4,0,6,6,1,4,6,3,2,2,2,2,2,3,3,5,3,5,4,3,5,0,5,5,0,5,0
"19","4","スタンドアップパドルボード","男性",3,4,3,3,4,4,4,3,3,3,3,4,"【目標】いくつになってもsupを続けていたい。
・勝ち負けではなくて、supを続けること。
これを我々の世界ではkeep paddling. と呼んでいます。
私はこの言葉を大切にしてこのスポーツに取り組んでいます。
スポーツを続けるために身体作りをすることはもちろん。
ホームコートである千葉の海でこれからも漕ぐため、
ビーチクリーンや次世代への体験イベントといった活動を行っています。",1,2,3,3,3,6,6,5,5,5,6,6,0,0,2,1,4,1,3,2,2,3,3,2,3,3,3,3,3,0,0,3,0,0,3
"20","8","ソフトテニス","男性",2,2,3,3,3,4,4,3,3,3,2,4,"インカレ優勝",1,1,0,0,0,0,4,5,4,4,5,6,6,5,5,3,4,1,4,4,1,4,4,4,4,4,4,4,4,1,4,4,4,4,4
"21","7","ソフトテニス","女性",0,0,0,1,0,0,2,1,0,0,0,0,"結果を出す",5,6,5,6,4,4,4,4,4,0,2,1,0,0,0,1,4,5,1,5,5,1,4,0,2,5,2,3,4,0,3,5,0,0,4
"22","3.5","山登り","男性",4,4,0,0,4,0,4,0,4,0,4,0,"みんなで楽しく登り全員で下山する",0,0,0,0,0,6,6,0,6,6,6,0,0,0,0,0,5,0,4,0,0,5,0,0,5,5,5,0,0,0,0,0,0,0,5
"23","13年","ソフトテニス","女性",0,2,2,4,3,4,0,0,0,0,4,4,"関東学生リーグ一部昇格",1,3,0,0,0,0,0,0,4,0,5,6,0,0,0,5,5,5,0,5,5,4,0,5,5,5,3,0,5,5,5,5,3,3,0
"24","8","ソフトテニス","女性",0,0,0,0,1,1,1,0,0,0,0,0,"ミスをしない",2,1,2,4,4,4,4,2,4,2,4,2,4,4,4,1,4,4,1,4,4,1,4,1,5,5,3,3,3,1,0,3,3,1,3
"25","10","卓球","男性",4,0,2,4,4,4,2,0,2,2,2,2,"相手と自分の最大限のパフォーマンスを引き出すのは目標です",3,0,0,0,0,6,0,0,6,6,6,6,6,6,6,5,2,2,0,0,3,2,2,3,3,3,2,2,2,5,5,4,3,3,3
"26","12","ソフトテニス","女性",3,3,3,3,3,4,2,4,3,1,3,4,"継続すること",4,4,1,5,1,6,6,6,1,5,5,6,4,6,6,3,4,3,1,1,3,1,4,0,4,5,4,4,4,0,1,3,1,0,3
"27","6","ソフトテニス","女性",1,0,0,1,2,1,4,3,0,1,1,1,"技術の向上",5,3,0,5,1,4,6,1,1,1,3,5,5,6,6,3,5,0,4,2,1,4,1,5,4,3,3,4,2,0,2,5,0,5,2
"28","55","テニス","男性",4,4,3,4,4,4,3,3,3,3,3,4,"選手の育成",2,2,5,2,1,4,5,1,4,5,5,4,4,2,1,1,4,1,4,1,1,4,3,2,4,1,3,4,1,1,1,4,1,1,4
"29","２５　","テニス","男性",1,1,1,2,3,3,2,1,1,2,1,1,"スポーツから離脱しないこと",4,4,3,4,4,4,4,3,3,3,3,3,3,3,3,3,3,3,3,3,3,3,3,3,3,3,3,3,3,3,3,3,3,3,3
"30","11年","野球","男性",3,3,3,3,4,3,4,4,3,3,2,3,"高校野球で言うと甲子園。各都道府県の代表として戦う、特別なものがある。",1,4,0,2,2,4,5,5,3,6,4,5,1,3,1,3,5,0,2,0,0,4,5,1,3,0,2,4,3,0,0,4,0,4,5
"31","16","サッカー","男性",3,3,3,3,3,3,1,1,3,3,1,1,"怪我せずに楽しむ
",1,6,6,1,1,5,5,3,1,4,4,4,4,3,4,2,3,2,3,2,2,3,3,2,2,2,3,3,3,2,2,3,2,2,2
"32","10","野球","男性",3,4,4,4,3,4,3,3,3,3,4,4,"全国大会優勝",3,2,1,1,1,3,3,3,2,3,5,5,4,3,3,3,4,0,4,0,0,4,5,2,4,1,5,4,4,0,0,3,0,4,4
"33","８","野球","男性",2,2,3,3,3,2,4,4,2,3,4,3,"スポーツを通した人間形成",3,2,2,1,2,2,4,5,4,3,5,3,2,2,5,4,3,4,2,3,2,2,2,1,3,4,3,2,3,2,1,3,3,1,4
"34","13","バスケットボール","女性",2,2,2,3,3,3,2,1,1,1,1,2,"インカレ出場",2,3,2,2,4,3,4,4,4,2,4,5,3,4,4,3,3,3,3,2,2,3,3,3,3,3,3,2,3,2,3,3,3,2,3
"35","11","野球","男性",2,2,2,2,3,2,3,2,2,3,2,2,"チームで一つの目標に向かうこと",3,4,2,3,2,4,4,3,4,4,4,4,4,4,4,3,4,1,3,1,1,4,4,4,4,2,4,1,4,1,4,4,1,4,4
"36","10","野球","男性",2,3,2,2,3,4,3,3,3,3,4,2,"勝つこと",4,3,2,2,1,4,5,4,4,4,5,4,3,4,4,4,4,2,4,1,2,4,3,1,3,4,4,3,3,2,0,3,1,3,4
"37","14","硬式野球","男性",1,1,1,2,2,3,1,3,1,1,2,1,"応援される人間になる",1,3,4,5,2,4,2,4,3,2,4,4,4,4,4,4,4,1,2,2,2,4,4,4,3,4,4,2,4,2,3,3,2,3,2
"38","10","バレーボール","女性",3,1,1,1,3,4,3,4,3,3,1,3,"自分らしく堂々と安定したプレーをできるようにする。",1,0,0,1,1,0,4,2,4,4,5,5,1,5,4,3,3,2,2,1,0,3,3,1,4,3,4,3,3,0,1,3,1,3,4
"39","17","サッカー","男性",2,2,2,2,2,2,2,2,2,2,2,2,"ベンチプレス100㎏",1,1,1,1,1,4,4,4,4,4,4,4,4,4,4,4,3,1,2,1,1,3,3,1,2,1,4,2,4,2,2,4,2,1,1
"40","12年","バスケットボール","男性",3,2,3,4,4,4,3,4,3,3,3,4,"チームスポーツなのでチームの勝利を目標にしている。",0,0,0,0,0,4,5,4,5,5,4,4,4,5,4,5,5,1,4,1,2,4,5,4,4,4,5,5,5,1,2,5,0,3,4
"41","14","バスケットボール","女性",1,1,1,1,3,3,1,1,1,1,1,3,"仲間とコミュニケーションをとってお互いを高め合うこと",1,2,4,2,2,4,4,4,4,4,4,4,4,2,4,2,4,2,2,2,2,4,4,4,4,2,4,2,3,2,3,4,1,3,3
"42","8","バスケットボール","男性",2,2,3,3,3,3,2,2,1,1,0,3,"インカレベスト８",2,2,2,2,2,4,2,3,4,3,4,2,4,4,4,2,2,2,2,2,2,2,2,2,4,4,4,3,4,2,4,2,2,4,3
"43","13","バスケットボール","男性",2,1,2,2,3,1,2,3,2,1,3,2,"東北で圧倒的な力で勝ちインカレでチームとしてベスト8を目標にしている",3,4,5,3,4,3,4,3,3,4,4,5,4,1,0,1,3,2,3,2,2,4,3,1,3,4,2,3,3,4,5,3,1,3,2
"44","10年","野球","男性",3,3,2,3,3,3,3,3,3,3,2,4,"一つの競技に対して一生懸命取り組むこと。",1,2,2,3,1,4,4,3,3,4,5,4,5,5,4,2,4,2,4,2,2,4,3,3,4,1,4,4,4,1,2,4,2,3,4
"45","13","バスケットボール","男性",3,2,2,1,3,3,1,2,3,3,3,3,"フェアプレー",1,1,0,1,3,3,3,3,3,3,3,3,2,3,2,5,4,1,3,1,2,4,4,4,4,4,4,4,4,1,3,3,4,4,4
"46","7","バレーボール","男性",1,1,2,3,3,4,3,2,1,1,3,3,"全勝優勝",2,0,1,1,1,1,3,3,2,3,2,2,3,3,2,3,4,2,3,2,2,3,1,3,4,5,4,2,3,2,0,4,2,2,5
"48","8年","サッカー","男性",2,2,2,3,3,3,3,2,2,2,2,2,"理想とする選手のようなプレーをする",2,3,2,2,2,3,4,3,3,3,2,4,2,2,3,2,3,2,3,2,2,2,3,2,3,3,3,2,3,1,2,3,1,2,3
"49","１０","硬式野球","男性",1,0,0,1,3,3,1,0,0,0,3,0,"ホームランを打つ",0,6,1,0,1,1,0,4,0,5,5,5,2,2,1,1,1,1,1,1,1,1,1,1,1,4,1,1,3,1,1,1,1,1,1
"50","12年","バスケットボール","女性",3,3,3,3,3,3,3,3,3,3,3,3,"集中する",4,6,2,1,2,3,4,4,4,4,4,4,2,2,3,4,3,2,2,2,2,3,2,2,2,2,2,2,2,2,2,3,2,3,3
"51","7年","陸上競技（短距離）","男性",3,2,2,2,3,3,4,3,2,2,3,2,"競技力、人間力の向上",1,3,1,1,2,3,4,3,2,4,4,4,3,3,4,3,3,2,2,2,1,3,3,2,3,2,3,3,3,2,1,3,2,2,2
"52","１０","ソフトテニス","その他",2,2,2,2,2,2,2,2,2,2,2,2,"仲間と仲良く、楽しく。",3,3,3,3,3,3,3,3,3,3,3,3,3,3,3,0,4,0,3,2,2,3,3,2,3,2,2,3,3,1,1,1,1,1,1
"53","18","女子硬式野球部","女性",3,2,3,3,2,3,2,3,1,3,2,2,"選手権大会優勝",2,2,6,3,6,3,4,4,3,4,2,3,2,3,3,3,2,3,3,3,3,2,2,3,3,3,2,2,2,3,3,3,2,2,2
"54","２","ソフトボール","男性",1,1,1,1,2,2,0,3,1,1,2,1,"インカレ出場",2,1,3,5,3,5,4,3,4,3,6,1,4,5,3,3,2,3,3,2,3,3,3,3,3,3,3,2,3,3,4,3,3,3,3
"55","14","サッカー","男性",1,1,1,2,2,2,2,1,2,2,2,2,"怪我を減らすこと。",2,3,3,3,2,3,3,2,3,4,4,4,4,3,3,2,2,2,2,1,2,2,3,3,3,3,3,2,2,1,3,2,1,3,4
"56","4年","ボート","女性",1,1,1,1,2,3,3,2,2,1,3,1,"後悔の無いように終わる",0,0,0,1,1,3,0,1,4,5,6,6,5,6,4,4,2,5,1,3,4,0,1,2,5,5,5,5,3,1,2,4,3,2,4
"57","11","野球","男性",3,1,2,1,3,3,3,2,3,3,3,2,"楽しむこと",2,2,2,2,4,4,2,4,4,3,2,2,2,4,2,3,2,3,2,2,2,3,3,3,3,3,3,3,3,3,2,2,2,3,4
"58","14年","サッカー","男性",1,1,1,1,3,3,3,3,3,3,3,3,"健康増進",3,3,1,1,1,1,1,3,3,3,3,3,3,3,3,4,4,2,2,2,2,2,4,4,4,5,5,4,5,2,2,2,2,4,4
"59","14年","硬式野球","女性",3,3,1,3,4,4,4,3,0,2,2,4,"日本を代表するような選手になる",1,0,1,1,2,1,5,1,1,4,1,3,5,1,1,3,5,1,4,0,1,4,3,4,4,4,5,5,4,1,3,5,0,0,5
"60","8年","バレーボール","男性",2,2,3,3,3,3,3,1,2,2,3,3,"選択肢の多いトスをする。チームを勝たせられるセッターになる。",3,4,1,4,4,4,3,3,4,5,5,5,5,3,3,3,4,3,4,1,2,4,2,2,4,4,5,3,4,1,1,4,1,1,4
"61","18","体操競技","男性",2,2,2,2,2,2,2,2,2,2,2,2,"全日本種目別吊り輪優勝",3,3,3,3,3,3,3,3,3,3,3,3,3,3,3,5,5,5,5,5,5,5,5,5,5,5,5,5,5,5,5,5,5,5,5
"62","5","バドミントン","男性",1,1,1,1,2,3,4,3,0,1,2,2,"自分からより高くより前でタッチする",1,0,0,0,0,4,1,4,2,3,1,4,2,1,4,2,3,3,1,1,3,3,4,3,3,3,4,3,3,0,3,3,0,3,3
"63","4年","やり投げ","男性",3,3,2,2,3,3,3,3,2,2,3,2,"自分の納得のいく結果を出すこと",2,3,1,1,1,1,1,1,1,1,5,5,5,5,5,3,4,2,3,2,2,4,4,1,4,1,4,4,4,1,1,4,1,1,1
"64","11","陸上","男性",1,1,4,4,3,3,3,4,2,2,3,3,"国体出場のため",0,0,0,0,0,0,0,0,5,4,6,5,5,6,5,1,4,1,4,1,1,5,5,5,5,5,5,3,5,1,1,3,1,4,3
"65","8","バレーボール","男性",2,2,2,2,2,2,2,2,2,2,2,2,"全国制覇",3,3,3,3,3,3,3,3,3,3,3,3,3,3,3,3,3,3,3,3,3,3,3,3,3,3,3,3,3,3,3,3,3,3,3
"67","3","トライアスロン","男性",3,3,1,3,4,0,1,3,2,3,1,3,"7.8割を完璧に",0,0,0,0,0,1,4,4,2,4,6,0,1,1,0,4,5,0,3,1,3,4,5,3,4,5,5,3,5,1,1,4,1,4,5
"68","４年","卓球","男性",3,0,0,3,3,4,4,3,2,3,3,3,"卓球の楽しさを追求すること",1,2,2,2,5,6,6,3,5,4,6,6,6,6,6,3,5,2,4,2,1,4,4,4,4,4,5,4,3,0,2,4,1,3,3
"69","15","サッカー","男性",1,1,1,3,2,3,3,1,1,2,2,1,"個の力",3,3,3,3,3,3,3,3,3,3,3,3,3,3,3,3,3,2,3,3,2,3,3,3,3,3,3,3,3,2,2,3,2,3,3
"70","13年","野球","男性",2,2,2,2,2,2,2,2,2,2,2,2,"一生懸命すること",2,4,1,2,1,3,4,4,2,4,4,4,4,2,4,3,2,2,3,2,1,3,3,2,3,3,4,3,3,2,1,3,2,2,3
"71","8","陸上競技","男性",1,0,3,0,3,4,2,1,0,1,2,3,"全国大会で勝つ",1,2,3,0,0,4,6,6,6,5,3,4,3,3,3,5,5,5,2,2,2,2,4,2,5,4,5,3,5,5,0,5,1,2,5
"72","10年","バレーボール","女性",1,0,1,1,3,4,2,2,0,2,0,3,"チーム全員の力で試合に勝つ",2,2,2,2,2,4,4,3,4,4,2,4,2,4,1,1,4,3,2,4,3,4,3,2,5,5,5,5,5,4,3,4,1,5,4
"73","7","陸上競技","男性",2,2,3,2,3,3,3,3,2,2,3,2,"地区インカレの上の大会まで出場する",2,1,1,2,3,3,5,3,4,3,4,5,4,4,3,3,3,2,2,2,3,2,3,3,4,4,4,4,3,4,2,4,2,2,4
"75","１２","男子サッカー","男性",3,2,3,2,3,2,1,3,1,0,3,2,"試合に出ている時はサボらずハードワークすること
",2,2,2,2,1,2,3,4,3,4,5,5,5,4,5,1,4,1,4,1,1,4,4,3,2,2,4,4,4,0,2,4,1,3,2
"77","5","硬式テニス","男性",1,0,2,1,1,1,3,2,0,0,0,0,"本選で勝つ",4,1,1,1,1,3,3,4,3,4,5,3,5,1,5,4,4,4,2,2,4,2,4,4,3,4,4,4,4,4,4,3,1,4,3
"78","４","ダンス","女性",3,4,0,3,3,4,1,1,4,1,4,4,"チームのメンバーと一つのパフォーマンスを仕上げるということ。",4,4,0,2,2,4,5,2,2,1,5,5,1,6,1,5,5,3,5,0,2,4,4,4,4,5,5,5,5,0,5,5,0,0,2
"79","13","サッカー","男性",3,1,2,3,3,3,3,4,3,3,2,2,"試合で貢献する",3,5,5,1,2,3,5,5,3,3,5,5,5,5,5,3,3,2,3,2,2,3,3,3,3,3,4,3,3,3,3,3,3,3,3
"81","10","ソフトテニス","男性",1,1,1,2,2,3,3,1,0,2,3,2,"楽しくやる",1,3,1,0,1,4,5,4,4,5,2,4,1,0,4,0,3,0,1,1,1,5,5,3,4,4,4,2,5,1,4,3,0,5,3
"82","10年","硬式野球","男性",1,1,1,2,2,3,3,0,1,1,3,0,"コツコツと結果を残すこと。",3,2,2,2,3,3,2,5,3,3,3,5,3,2,4,3,4,1,2,1,2,4,3,2,3,2,3,1,2,1,3,3,1,2,1
"84","８年","陸上競技（短距離）","男性",2,1,4,2,3,3,3,2,2,1,3,1,"全日本インカレ出場",3,4,2,2,2,3,4,4,4,2,2,4,2,4,2,3,2,2,2,2,2,2,3,3,4,2,4,3,3,1,1,3,1,4,2
"85","11年","サッカー","女性",2,1,2,2,3,3,3,4,2,2,3,2,"どんな試合でも勝ち切ること
攻守の切り替え（攻撃→守備）
",2,3,3,3,4,3,2,3,3,4,4,3,4,3,3,2,2,2,2,2,2,3,2,4,3,2,3,2,2,2,3,3,2,2,2
"86","13","野球","男性",2,2,3,3,3,3,3,3,3,2,3,3,"技術メンタル向上",2,3,2,2,3,3,3,3,3,2,4,3,3,4,4,3,4,2,3,2,2,2,3,2,3,3,3,3,2,2,2,3,2,2,3
"87","11年","陸上競技","男性",2,2,2,2,3,3,4,2,2,2,2,1,"自己ベストの更新",2,2,3,4,4,4,4,2,4,3,4,4,4,2,4,3,2,3,3,2,3,2,3,3,3,2,3,2,3,2,3,3,2,3,3
"88","10","バスケットボール","男性",3,3,3,3,3,3,3,3,3,3,3,3,"シューターとして勝利に導く",1,1,1,1,1,1,5,5,1,5,5,5,5,5,5,1,4,1,4,1,1,4,4,1,4,1,4,4,4,1,1,4,1,3,3
"89","１１年","野球","男性",2,2,2,3,3,3,3,3,2,2,3,3,"試合に勝つことが一番の目標",4,2,4,2,3,2,4,2,2,4,4,4,2,2,2,3,3,2,2,2,2,3,3,3,2,2,3,2,3,3,3,3,2,3,3
"90","15年","サッカー","男性",3,3,2,4,3,3,3,2,2,2,2,3,"プロサッカー選手として地元コンサドーレで活躍する。",3,1,0,2,2,2,3,4,3,3,4,3,5,0,0,2,4,2,4,2,3,3,2,2,2,4,4,4,3,1,2,2,2,2,4
"91","２","フットサル","男性",2,2,3,3,2,3,3,1,2,2,3,2,"勝つ",3,2,2,2,2,3,4,4,4,4,4,3,3,3,3,3,2,2,3,2,2,3,3,2,3,2,3,3,3,2,2,3,2,2,3
"92","7","陸上競技","男性",0,0,0,0,0,4,4,1,0,0,0,4,"全カレに出場すること",0,4,0,0,0,4,5,0,0,6,6,6,6,6,0,5,5,0,5,0,0,5,5,5,5,5,5,5,5,0,5,5,5,3,3
"94","11年","サッカー","男性",2,1,1,2,3,3,3,2,2,2,3,2,"チーム内での意識の統一をして、試合を圧倒的なものとすること",1,3,2,2,2,4,4,2,2,3,4,4,4,3,4,3,2,2,2,2,2,3,2,2,3,4,4,3,3,2,2,3,2,3,3
"95","２","ライフセービング","男性",2,2,2,2,2,3,2,3,2,2,2,2,"インカレ入賞",0,0,0,0,0,0,3,3,3,3,3,3,3,3,3,5,5,5,5,5,5,5,5,5,5,5,5,5,5,5,5,5,5,5,5
"96","4","ローイング","男性",3,3,4,3,3,4,2,2,2,2,2,3,"忍耐力や仲間との絆",4,5,6,4,4,4,4,5,4,3,4,2,3,2,2,3,3,1,4,3,1,4,4,2,4,4,3,3,2,1,1,4,1,1,1
"97","15年","サッカー","男性",4,4,4,4,4,4,4,4,4,4,4,4,"チームを勝たせるようにプレーすることを目標としている。",0,0,0,0,0,5,5,6,6,6,6,6,6,6,6,3,3,3,4,3,4,5,5,5,5,5,5,5,5,0,1,5,1,1,5
"98","14","サッカー","男性",2,2,2,2,2,2,2,2,2,2,2,2,"ストロングポイントを伸ばす",4,2,4,3,4,3,4,3,4,3,4,4,3,4,3,3,2,3,3,3,3,3,3,3,3,3,3,3,3,2,3,3,2,2,3
"99","11","野球","男性",4,2,3,3,4,4,4,3,3,3,3,3,"そのスポーツを楽しんでプレーする",2,6,3,5,1,2,5,1,5,3,6,6,6,6,6,5,2,3,2,2,2,3,4,3,3,3,4,4,5,5,5,5,2,3,4
"100","8","駅伝","男性",3,2,3,3,3,4,4,4,2,3,3,3,"駅伝をやっていて長距離を走るうえで後半に疲れや疲労が足にくるのですがその対策として、試合前日や日ごろの食事などをきおつけるようになりました。目標は１０月の大会までに記録更新をするために毎日の継続を怠らないことです。",0,0,0,0,0,0,6,6,6,6,6,6,6,6,6,4,5,0,3,0,0,5,5,3,5,5,5,3,5,0,0,5,0,0,0
"101","13","バスケットボール","女性",2,2,3,2,1,3,1,3,2,2,2,2,"自分が指導者になったときにしっかりと指導できる知識や技術を身に付けていること",2,2,2,2,2,4,4,3,2,4,3,4,3,4,4,2,3,3,2,2,2,3,2,2,3,3,3,2,3,3,2,3,2,2,2
"102","10年","ソフトテニス","男性",1,1,1,3,3,3,4,3,2,2,1,2,"全国でベスト８に入る",0,1,0,0,0,1,4,3,3,3,3,4,2,2,4,2,3,3,2,2,3,2,3,1,4,3,4,2,2,2,4,2,2,2,2
"103","13年","野球","男性",4,1,1,2,2,3,3,2,0,2,4,2,"日本一になること
",1,1,1,1,1,4,3,3,3,3,5,3,3,3,3,4,4,1,3,2,1,4,4,4,4,4,4,4,4,4,4,4,4,4,4
"104","9年","バドミントン","男性",2,2,2,3,2,2,3,1,1,1,2,2,"インカレ出場",0,3,3,4,3,2,3,1,4,4,3,2,3,3,3,1,3,2,3,3,1,3,3,4,2,3,2,4,2,2,1,4,3,3,3
"105","10年","硬式野球","男性",1,0,0,1,4,4,4,4,3,1,4,4,"日本一",0,1,2,2,0,6,6,6,6,6,6,6,6,4,6,5,3,4,0,0,1,3,5,3,5,5,5,5,5,3,4,5,3,4,3
"106","12","硬式野球","男性",2,2,2,4,2,4,4,3,3,3,3,2,"自分のやるべきことをする",3,4,2,1,1,5,6,5,3,5,3,6,3,3,4,2,3,1,2,2,1,3,3,3,3,2,2,2,2,2,2,3,2,2,3
"107","14年","バスケットボール","女性",2,1,1,1,3,3,3,3,1,1,2,1,"チーム一丸となって戦う。",2,3,2,2,4,4,4,4,4,4,2,2,2,4,4,2,3,2,2,2,2,2,2,1,2,2,3,3,3,2,2,3,2,3,3
"108","８年","陸上","男性",0,0,1,1,3,3,1,1,0,0,0,0,"自己ベスト更新",0,0,6,6,6,6,6,6,6,6,3,3,6,6,6,2,2,2,2,2,5,0,4,3,4,5,5,5,5,2,5,5,5,5,5
"109","7","ウエイトリフティング","男性",4,4,4,3,3,4,4,4,4,4,4,3,"ウエイトリフティングでの記録で諦めず日々伸ばしていくところが目標",0,0,0,0,0,3,4,0,0,6,3,3,3,4,3,4,5,0,4,0,0,4,4,3,3,3,5,4,4,0,3,4,0,3,4
"110","14年","サッカー","男性",1,1,0,2,3,3,2,3,0,0,1,2,"試合に出場したときにゴールに関わる",1,0,0,0,2,2,5,4,4,5,5,6,5,4,5,1,4,2,3,2,3,4,5,4,4,4,4,2,5,0,4,4,0,3,4
"111","９","軟式野球","男性",2,1,1,2,3,3,3,3,2,2,3,2,"チーム一丸となって守備も攻撃も繋ぐ",1,1,0,1,1,5,4,2,4,4,5,4,2,2,1,4,4,1,2,1,1,3,1,0,4,4,3,2,3,3,0,3,1,1,3
"112","9","サッカー","女性",3,2,1,3,3,3,2,2,1,2,2,3,"チームに貢献する。",4,4,4,4,1,3,4,3,2,2,4,3,2,2,4,3,3,1,3,1,1,3,3,4,4,3,4,3,4,1,3,4,1,4,2
"113","19","体操","男性",4,4,4,3,3,4,3,2,3,4,3,4,"結果を残すこと",4,4,5,4,5,6,3,5,4,5,6,4,5,4,6,4,4,1,4,1,0,4,3,2,3,2,3,4,3,0,3,2,4,2,3
"114","１０","女子バレーボール","女性",1,1,2,2,3,3,3,2,1,1,0,2,"東北リーグで優勝して、インカレに出場する。",1,1,1,1,1,1,6,1,4,4,6,5,6,2,6,1,5,0,4,1,1,4,3,1,4,4,4,4,4,1,1,3,1,4,1
"115","14年","サッカー","男性",4,4,3,4,4,4,4,1,3,3,3,4,"観客を魅了する",0,0,0,0,0,6,6,6,6,0,6,0,0,0,6,5,0,0,5,0,0,5,5,5,5,5,5,5,5,0,5,5,0,5,5
"116","16","新体操","女性",2,2,3,2,3,3,1,1,2,1,3,2,"全カレにむけていい準備をする。",1,2,1,3,2,3,3,2,3,1,1,5,4,2,4,4,3,1,2,2,2,2,3,2,3,3,4,3,2,0,0,3,1,1,3
"117","14","サッカー","女性",3,2,1,2,3,3,3,2,2,2,2,2,"自分のプレー（ドリブル・パス・シュート）でチームの勝利に貢献し、サッカーをやっている自分もしくは自分たちだけではなく、その試合を観ている人が楽しいと思えるようにすること。",2,2,2,2,2,4,4,2,4,4,4,4,3,4,2,2,4,2,3,2,2,3,2,1,3,3,4,4,3,1,2,4,1,3,3
"118","7","体操競技","男性",2,3,1,1,3,3,3,1,2,2,3,3,"日本代表",5,3,5,4,4,1,5,5,2,1,6,2,1,0,0,5,5,1,5,0,4,5,5,0,5,4,5,5,5,3,4,5,1,4,1
"119","13","バスケットボール","女性",1,1,3,2,3,3,2,0,1,1,2,2,"積極的に攻める。",2,3,2,2,2,2,4,2,2,4,4,4,4,4,3,3,3,2,2,2,3,2,3,3,3,3,4,3,3,2,3,3,2,3,3
"120","１０","バスケットボール","男性",2,2,2,1,2,3,3,3,1,2,2,1,"インカレベスト８",2,2,2,1,2,3,5,3,3,3,3,3,4,3,2,3,4,1,2,2,2,3,3,2,3,3,3,3,3,2,2,2,1,2,3
"121","10","バスケットボール","男性",2,2,3,3,3,3,3,2,2,2,2,3,"大会で優勝する。",2,2,2,2,2,2,3,4,4,4,4,4,4,4,4,4,3,3,3,2,3,2,2,2,3,3,3,3,2,3,3,3,2,3,4
"122","14","硬式野球","男性",1,1,3,2,3,3,3,3,1,1,1,3,"長く続けている野球だが引退する時には野球のことが今以上に好きで終われるようにすることが目標",0,0,0,0,0,6,6,0,3,3,6,6,4,3,3,5,3,2,4,1,1,4,4,4,4,4,2,3,2,1,3,5,2,1,4
"123","11ねん","ハンドボール","男性",4,3,4,4,4,4,3,3,3,3,3,3,"関東のチームに勝つ",0,1,0,0,0,0,5,5,5,5,5,5,5,5,5,4,4,3,4,2,2,4,4,4,4,2,4,4,4,0,3,4,1,2,4
"124","１２","バスケットボール","女性",2,2,2,2,3,3,3,1,2,2,2,3,"東北１位で全国大会に出ること",2,2,2,2,2,3,3,3,3,3,3,3,3,3,3,3,3,3,2,2,3,3,3,3,3,3,3,2,3,3,3,3,3,3,3
"125","12年","野球","男性",3,1,2,4,3,4,3,1,3,3,1,3,"変化球を自由自在に投げれる",4,4,2,2,2,1,4,4,4,4,2,1,2,2,2,4,4,3,4,3,1,4,4,1,2,2,5,5,5,1,0,3,1,4,1
"126","５年","ラグビー","男性",2,2,2,3,3,3,4,3,3,3,2,3,"最後まで全力で",1,1,0,1,2,1,0,1,0,1,1,0,0,1,1,1,1,0,1,0,1,1,0,0,1,1,3,3,4,0,2,3,3,4,4
"127","5年","陸上競技","男性",3,3,4,4,4,4,4,4,3,3,3,3,"世界進出",0,1,0,1,0,0,5,5,1,5,4,6,1,1,2,3,5,0,4,0,1,4,3,4,5,5,5,3,5,1,1,5,0,1,3
"128","7","ハンドボール","男性",3,2,2,3,3,3,3,3,3,3,3,2,"全国来会で勝つ",3,3,3,3,3,3,3,3,3,3,3,3,3,3,3,3,3,2,3,1,1,3,1,3,3,2,3,4,3,2,4,2,1,4,3
"129","９","おこなってた","女性",2,2,2,3,3,4,3,2,1,2,1,3,"楽しむ",1,4,0,0,1,3,4,1,2,4,4,4,6,4,5,3,3,0,4,0,0,5,3,4,4,3,5,4,3,1,2,4,1,3,4
"130","13","サッカー","男性",2,2,2,2,1,1,1,1,0,1,1,1,"試合に出る",3,4,2,4,4,3,3,2,4,2,3,2,4,3,3,3,3,1,4,1,1,4,4,1,4,1,3,3,3,1,2,3,2,3,3
"131","14年","バレーボール","男性",1,1,1,3,4,3,3,1,1,1,0,3,"日本一",1,0,0,0,0,0,4,0,2,4,4,5,2,1,0,4,5,0,1,0,0,4,3,3,5,4,4,1,3,0,0,4,0,3,3
"132","15年","サッカー","男性",3,3,3,3,3,4,3,2,3,3,2,3,"プロサッカー選手になること",0,0,0,0,0,5,5,4,5,4,6,6,4,5,5,2,5,0,4,1,1,4,5,3,5,4,5,3,4,1,3,5,1,3,3
"133","8年","陸上競技","男性",0,0,3,2,3,4,4,1,0,2,2,2,"国民体育大会やインターカレッジなどの上位の大会に出場して10秒台で勝負すること",0,0,0,3,0,3,6,6,5,6,6,5,6,3,3,3,3,1,4,0,1,4,4,3,4,5,5,3,4,1,1,4,3,4,4
"134","11","硬式野球","男性",1,0,3,3,1,4,3,3,3,0,3,1,"信頼獲得",1,3,1,1,2,2,4,2,1,1,1,1,4,4,1,1,4,1,2,3,1,2,4,2,2,4,1,3,1,3,4,2,1,1,3
"135","４","ボート","男性",3,3,3,3,3,3,3,3,2,3,3,2,"インカレ優勝",1,1,1,1,1,1,3,1,2,4,4,3,4,3,3,3,4,1,3,1,1,3,4,2,4,2,3,2,3,1,1,4,1,3,2
"136","13年","サッカー","男性",3,2,2,3,4,4,4,2,1,1,3,0,"今季上のリーグに昇格する",1,6,2,3,3,2,4,2,4,2,4,4,4,3,3,4,4,1,4,1,1,4,4,4,4,4,4,4,4,1,4,4,1,4,4
"137","11年","サッカー","男性",2,1,2,2,2,3,4,1,1,2,1,2,"卒業時プロサッカー選手になっている。",0,0,0,0,0,0,0,0,0,6,5,4,4,5,4,2,4,1,3,0,0,4,4,3,5,4,5,4,5,0,0,5,0,0,3
"139","14","女子硬式野球","女性",1,1,1,2,3,3,1,1,2,1,3,2,"全国大会で優勝",2,1,0,1,2,4,4,2,4,2,4,5,4,2,4,3,2,2,2,2,2,3,3,2,3,3,3,2,2,3,3,3,3,3,3
"142","13","サッカー","男性",1,1,0,3,3,4,3,1,1,1,1,1,"リーグ戦昇格",2,4,2,2,1,4,5,4,5,5,6,3,4,2,4,3,4,2,4,2,3,3,4,4,3,2,4,3,4,2,1,5,1,3,4
"143","12年","硬式野球","男性",3,3,2,2,3,3,3,3,2,2,2,2,"プロに行き、活躍すること。",3,1,0,0,0,0,0,0,3,3,4,4,3,4,5,2,2,1,1,2,2,4,4,4,4,4,4,2,4,3,3,4,2,2,4
"144","13年","野球","男性",0,0,0,0,1,3,1,1,1,1,1,1,"全国で勝つ",3,3,3,3,3,3,3,3,3,3,3,3,3,3,3,3,3,2,2,2,2,3,2,2,2,2,2,2,2,2,2,2,2,2,2
"145","１１","野球","男性",0,0,0,2,3,3,3,3,1,2,3,1,"楽しく健康を維持するための身体づくりが重要な目標",2,4,2,4,4,4,4,4,4,4,4,4,4,4,4,5,5,5,4,4,4,3,4,3,3,4,3,4,3,4,3,3,3,4,3
"146","10","野球","男性",2,1,1,3,2,2,2,1,1,2,1,3,"春秋神宮大会出場",3,3,3,3,2,4,3,2,3,4,2,3,4,3,3,3,3,2,3,2,2,3,3,3,2,3,2,3,3,3,3,3,2,2,3
"148","14","サッカー","男性",2,2,3,3,3,4,1,2,0,1,2,3,"チームスポーツなので全員で勝つ",1,0,0,0,2,3,4,2,2,3,5,4,3,6,4,0,4,1,3,0,0,4,5,3,3,4,5,3,5,0,1,5,1,1,1
"149","12","サッカー","男性",3,3,3,3,3,4,4,1,1,3,3,3,"勝ちにこだわって、負けない",4,2,2,2,5,4,4,2,4,4,4,4,4,5,4,3,4,1,4,3,3,4,4,4,4,3,4,3,3,2,3,4,1,1,1
"150","９","ハンドボール","男性",2,2,2,2,3,2,2,1,3,2,2,2,"優勝",3,3,3,3,2,2,4,3,3,3,3,3,3,3,3,2,3,2,2,2,2,2,2,2,2,2,2,2,2,2,2,2,2,2,2
"151","13年","野球","男性",3,3,2,2,3,3,3,3,2,3,2,3,"秋のリーグ戦で打率3割を記録する",5,2,2,2,1,3,4,3,3,4,6,4,4,3,4,4,4,2,4,2,1,4,4,3,4,3,4,4,4,0,2,4,1,4,3
"152","11","サッカー","男性",2,3,2,3,3,4,3,4,3,3,3,3,"協調性",4,0,2,2,0,4,4,4,3,5,3,4,4,3,1,1,3,2,2,1,1,3,3,1,4,3,4,2,3,2,1,3,1,3,4
"153","11","陸上","女性",3,3,4,3,3,3,3,3,3,3,3,3,"日々努力し自己記録を更新して大学に貢献する。",1,1,1,1,1,1,4,5,2,4,4,4,4,4,2,4,4,3,4,3,2,3,2,2,4,3,3,2,3,2,2,2,2,2,4
"154","13","baseball","男性",2,2,2,2,2,2,2,2,2,2,2,2,"日本一",3,3,3,3,3,3,3,3,3,3,3,3,3,3,3,3,5,2,3,2,2,5,5,5,5,5,5,5,5,5,5,5,3,3,3
"155","16年","新体操","女性",3,3,1,3,3,4,3,1,3,3,4,3,"全日本新体操選手権に出場する",2,0,0,1,1,3,6,2,4,5,6,6,6,1,5,2,4,1,4,1,1,5,0,4,3,4,5,1,1,0,2,4,0,2,4
"156","14","サッカー","男性",2,2,2,2,2,3,4,1,2,2,2,2,"継続",6,0,2,0,0,0,3,3,3,3,4,4,4,2,2,1,1,1,1,1,1,1,1,1,1,1,1,1,1,1,1,1,1,1,1
"157","11","硬式野球","男性",2,1,1,1,2,4,4,2,0,0,2,4,"勝つ
",0,0,0,0,0,0,0,6,6,2,6,3,6,6,6,3,5,4,4,4,4,4,4,4,4,4,4,4,4,4,4,4,4,4,4
"158","9","バドミントン9","男性",3,3,4,4,4,3,4,4,3,4,3,4,"インカレで１回戦でも多く勝つ",2,1,0,0,0,4,5,5,2,5,2,2,1,2,2,3,4,0,4,1,1,5,5,5,5,4,5,3,5,0,0,5,0,2,4
"160","１３","バスケットボール","女性",1,1,1,2,2,3,3,2,1,1,0,3,"ガードそしての役割を果たすこと",2,2,3,4,2,4,4,3,4,4,2,6,4,1,2,2,2,5,1,2,4,2,3,4,3,3,4,3,2,0,4,3,3,4,3
"161","9年","体操","女性",1,1,1,1,1,1,1,1,1,1,1,2,"全日本インカレにでる",2,3,3,4,4,4,3,3,4,2,4,4,3,4,4,3,2,2,1,2,3,2,3,3,2,3,3,2,3,3,4,3,2,2,2
"162","1","ビーチバレーボール","男性",3,3,2,3,3,4,3,3,2,3,3,4,"課題点をみつけ、日々成長すること",0,2,3,5,3,5,4,3,2,3,1,3,1,4,1,4,2,2,4,2,3,3,3,2,4,4,1,4,1,4,2,4,2,4,4
"163","14年","野球","男性",3,4,2,3,2,4,3,1,1,1,3,2,"全国優勝",2,2,2,2,2,4,4,3,5,3,4,4,3,4,4,3,2,0,3,2,1,4,3,4,3,4,3,4,5,2,4,4,2,4,4
"164","11","野球","男性",2,1,2,3,4,4,4,2,1,1,2,2,"縦縞のユニフォームを着てベンチ入りし、グラウンドで野球をする。",1,0,0,0,0,1,3,1,0,3,6,6,1,3,1,5,5,0,3,0,0,3,3,3,3,4,5,5,3,1,2,5,2,4,4
"165","8年","硬式野球","男性",1,2,1,3,3,4,2,1,0,1,2,3,"リーグ戦でベストナインをとること",1,2,2,4,4,4,4,2,4,3,5,6,3,4,5,4,2,3,3,3,1,2,3,4,4,5,5,2,4,3,4,5,4,2,5
"168","8年","陸上競技","男性",3,3,3,3,2,4,1,3,0,3,0,3,"世界進出",1,0,0,4,4,3,4,2,3,2,4,2,3,2,0,5,4,4,2,4,4,3,4,4,5,3,4,3,4,1,2,5,2,3,5
"169","1","ボクシング","男性",3,1,3,2,2,3,3,3,3,3,3,3,"やる気をだす",2,2,2,2,2,2,2,2,2,2,2,2,2,2,2,1,4,1,4,1,1,1,3,1,3,3,3,3,3,3,3,3,1,1,1
"170","2","フロアボール","女性",2,1,1,2,2,3,2,1,1,1,3,3,"試合で得点王になること",2,2,1,3,3,1,4,4,4,4,2,3,3,1,1,3,4,4,2,3,3,3,3,3,3,3,4,3,4,5,5,5,5,4,4
"171","7年","バドミントン","女性",2,2,3,3,3,3,1,1,3,2,3,3,"団体メンバーには入っているけど試合には出れていないのでそこでまず出れるような選手になる。",3,3,2,1,2,3,4,4,4,4,4,4,4,4,4,3,3,1,1,2,1,3,2,2,2,2,2,2,2,2,3,3,2,2,2
"172","10","野球","男性",2,1,3,3,3,2,3,1,1,2,3,2,"スタメンをとる",2,2,2,2,2,3,3,2,2,2,4,4,4,3,4,2,3,2,3,2,1,3,3,2,3,3,3,2,3,2,2,3,2,3,2
"174","7","陸上","男性",3,2,3,3,2,3,3,2,2,3,3,2,"自己ベストをだす",0,6,3,4,4,2,4,2,4,5,3,5,5,4,4,3,4,3,4,3,3,2,1,1,5,5,3,3,3,1,4,4,3,3,3
"175","７","陸上競技","男性",2,1,2,2,2,2,2,2,2,2,2,2,"100mで10秒中盤",2,2,2,2,2,2,3,3,3,4,3,3,3,3,3,3,3,3,3,3,3,3,3,3,3,3,3,3,3,3,3,3,3,3,3
"176","13","ハンドボール","男性",3,1,3,2,3,2,3,3,3,2,3,3,"ハンドボールのスポーツ人口を増やすという目標",4,4,4,4,3,3,4,3,4,4,4,3,4,4,3,3,4,3,4,3,2,3,4,3,3,3,3,3,3,2,2,2,3,3,3
"177","10年","水泳","男性",1,1,0,0,2,1,1,1,0,0,2,0,"頑張る意思",4,2,2,2,2,2,2,2,2,1,3,3,4,2,0,1,3,0,0,5,0,3,3,3,2,4,4,4,2,2,2,2,0,0,0
"178","9年","サッカー","男性",2,1,3,1,1,1,2,2,3,2,3,3,"優勝",2,4,3,3,2,2,4,3,3,3,3,3,2,4,2,4,1,4,1,4,4,2,4,3,4,5,1,2,3,3,5,3,2,4,3
"179","10","女子野球","女性",3,2,3,4,3,4,3,1,2,2,1,4,"日本代表の選手になること",1,0,0,0,0,0,5,3,4,3,6,6,6,6,3,0,5,1,3,1,2,3,3,4,5,5,5,4,3,0,5,4,0,3,5
"180","10","硬式野球","女性",3,1,1,1,1,3,3,2,2,1,3,1,"女子野球の普及",2,2,2,3,2,4,4,3,3,3,3,3,3,3,3,2,4,2,2,2,2,4,2,2,2,4,4,2,4,2,2,4,2,2,2
"181","11","野球","男性",2,2,2,2,3,3,2,2,0,1,3,4,"プロ野球選手",0,0,0,0,0,6,4,0,4,6,6,6,6,3,6,3,5,0,5,0,0,5,5,0,5,0,5,5,5,0,3,5,0,3,5
"182","４年","陸上短距離","男性",1,0,2,1,2,2,2,3,1,1,1,2,"手術明けなのでまずは全力で走ることができるようになるまで体を戻すこと。",0,0,0,0,0,0,0,0,0,5,5,6,6,6,6,4,3,2,3,1,1,4,3,3,5,5,5,4,5,4,4,3,2,2,4
"183","７","サッカー","男性",3,2,3,3,3,4,4,4,3,3,4,3,"トップチーム昇格して試合に出場する",0,0,0,0,0,6,6,6,6,6,5,6,6,6,6,0,5,0,5,2,2,5,5,5,5,5,5,2,4,0,0,4,0,0,2
"184","１４","バスケットボール　　","女性",3,3,2,3,3,4,3,4,0,3,1,3,"やらされてるバスケをするのではなく、心から楽しんで自分たちで考えて頭を使ってバスケットボールをする。そして、勝ちにこだわる。",3,4,2,4,4,2,3,3,3,4,3,4,3,3,3,4,5,4,3,4,4,4,4,2,3,3,4,4,4,4,2,5,2,2,2
"185","10","サッカー","男性",3,3,3,3,3,4,3,2,2,2,1,2,"プロサッカー選手になる
",0,0,0,0,0,4,4,0,0,4,6,6,5,6,6,1,4,0,5,0,0,5,5,1,5,5,5,4,5,0,3,5,0,5,1
"186","１２年","陸上のやり投げ","女性",1,1,1,3,1,1,1,1,1,1,3,1,"全カレベスト８",2,2,2,2,2,2,2,4,4,4,4,4,4,4,4,3,4,4,2,4,4,4,2,4,4,4,2,2,2,2,4,4,4,3,3
"187","8","バスケ","男性",2,3,2,3,2,3,2,2,2,2,3,2,"少しの時間質の高いパフォーマンスができる",3,3,3,4,3,3,3,4,3,3,3,3,4,3,3,3,2,3,2,3,2,2,2,2,2,3,2,3,2,3,2,2,2,2,3
"188","15","サッカー","男性",3,3,4,3,4,4,4,3,3,3,4,3,"トレーニング外のことを忠実に行う",1,1,1,2,1,2,1,2,2,2,3,3,4,4,4,2,4,2,3,2,2,4,4,4,4,2,4,4,4,2,2,4,2,4,3
"189","8","バレーボール","男性",2,2,3,1,2,2,3,3,3,1,4,2,"試合に勝つ
",4,5,3,4,3,4,5,2,3,5,4,1,2,3,3,3,3,2,2,2,2,3,3,3,3,2,2,3,2,3,1,2,2,2,0
"190","8年","ソフトテニス","男性",3,3,2,4,3,3,4,3,1,2,2,3,"インカレ32",3,2,3,2,2,3,4,3,3,3,3,3,3,3,3,2,3,2,2,2,2,2,2,3,2,3,3,3,2,2,2,3,2,2,2
"191","4","バスケ","男性",1,1,3,2,2,4,4,3,3,1,2,0,"楽しんで健康になる",1,6,1,1,1,6,4,2,6,6,1,6,0,0,0,3,4,5,1,3,3,3,3,1,1,3,3,1,4,4,4,4,0,0,0
"192","9","野球","男性",4,2,3,3,4,4,4,2,2,2,3,2,"頼られる選手になる",0,0,0,0,0,3,4,0,3,3,0,6,0,0,0,1,5,1,3,1,1,3,3,0,3,0,4,3,3,0,0,4,0,0,5
"193","11","野球","男性",1,1,0,0,0,3,2,2,2,2,2,4,"Aチームに上がる事",3,3,3,3,3,3,3,3,3,3,3,3,3,3,3,3,3,3,3,3,3,3,3,3,3,3,3,3,3,3,3,3,3,3,3
"194","14","サッカー","無回答",3,3,3,1,3,3,3,1,1,1,3,3,"昇格",6,6,5,1,5,1,5,1,1,5,5,5,5,1,1,4,4,1,4,1,4,1,4,1,4,4,4,4,4,4,4,4,4,4,4
"195","13","体操","男性",2,1,3,2,3,4,4,1,1,2,1,2,"インカレ出場",1,1,0,1,1,1,3,3,3,4,4,4,3,3,3,4,3,2,3,2,3,3,3,3,4,4,4,3,4,3,2,4,2,3,3
"196","12年","サッカー","男性",1,1,1,1,3,1,0,0,1,1,0,1,"リーグ戦昇格",2,1,2,4,4,2,1,2,4,2,4,1,4,1,1,2,3,1,1,1,1,3,1,3,1,4,1,2,1,4,4,2,2,4,2
"197","11","バレーボール","男性",1,1,1,1,3,3,4,1,3,4,1,3,"全日本インカレベスト8",2,2,1,1,5,1,5,5,5,2,4,4,5,2,5,3,4,2,4,2,2,3,3,3,3,1,3,4,4,3,3,3,3,4,2
"199","9","野球","男性",3,3,2,3,3,3,3,3,3,3,3,3,"全員と楽しむ",1,1,2,2,5,2,2,1,1,5,5,1,2,1,2,4,4,4,4,1,1,4,4,1,4,1,4,4,1,4,4,4,1,3,3
"200","8","体操競技","女性",1,1,1,1,2,3,1,1,1,1,1,1,"競技復帰",4,2,4,4,4,4,2,3,4,3,2,2,4,4,2,3,2,4,2,2,2,3,2,2,2,3,2,2,2,3,3,2,2,2,3
"201","13年","サッカー","男性",4,4,4,4,4,4,4,4,4,4,4,4,"自分の力で試合の流れを変えられる選手になる。",0,0,0,0,0,0,0,0,0,0,0,0,0,0,0,5,5,5,5,5,5,5,5,5,5,5,5,5,5,5,5,5,5,5,5
"202","15年","剣道","女性",0,0,0,0,0,0,0,2,0,0,0,0,"どんな相手にも臨機応変に対応できる選手になること",6,6,6,6,6,2,0,0,6,0,0,0,0,0,0,0,3,3,0,3,5,0,0,0,0,5,2,2,2,5,5,0,0,0,0
"203","1年","バレーボール","男性",3,3,3,4,4,4,3,3,3,3,2,4,"コミュニケーションを取る",4,5,5,2,2,2,5,5,5,5,5,5,4,4,4,2,5,1,4,1,1,5,4,3,3,3,5,4,4,1,1,5,1,1,3
"204","8","バスケットボール","男性",3,3,3,4,3,3,3,3,3,3,4,3,"思考してプレーをすること",4,5,2,2,2,2,5,4,4,5,4,4,5,3,4,1,4,3,3,3,3,3,1,1,4,3,4,2,4,4,1,4,1,1,3
"205","6","ソフトボール","男性",2,2,2,3,2,3,3,3,1,1,1,2,"勝利",1,2,2,2,2,2,3,4,4,4,3,5,2,2,3,1,4,1,2,2,2,3,3,1,3,4,4,4,3,2,2,3,2,1,3
"206","11年","野球","男性",3,4,3,3,3,3,3,2,3,3,1,3,"試合に勝つために、練習の質をあげたり、一人一人の意識を同じ方向に向くように自主練はするが全体練習を大事にしています。全国大会出場が目標です。",3,3,2,2,2,4,4,3,3,3,4,4,4,3,4,4,4,2,4,1,1,4,4,4,4,4,4,4,4,3,5,4,2,3,1
"207","5年","硬式野球","男性",1,1,1,2,3,3,1,1,0,0,3,2,"他人と協力して勝利を目指す",2,4,2,2,2,4,2,2,2,2,4,2,4,2,4,1,3,1,1,1,1,1,3,1,3,1,3,1,3,0,0,3,0,0,1
"208","10年","野球","男性",2,1,1,2,2,3,2,3,2,2,2,2,"大会優勝",0,0,0,0,1,1,4,4,3,4,6,6,6,6,6,4,3,3,2,2,2,3,4,3,3,5,5,3,4,3,3,2,3,2,2
"209","13年","バスケットボール","男性",2,2,2,2,2,2,2,2,2,2,2,2,"取り組んでいない",2,2,2,4,2,2,4,2,5,3,2,4,2,2,2,4,2,2,3,2,1,3,3,2,4,2,4,3,4,2,1,3,0,2,2
"210","15年","バドミントン","男性",3,1,2,4,2,3,4,3,1,1,0,3,"全国大会個人、団体共に出場",0,4,1,4,2,4,6,3,2,4,6,6,0,4,4,5,5,2,4,3,3,5,5,4,3,2,5,2,5,2,2,4,1,1,2
"211","12年","バドミントン","女性",1,1,1,1,4,4,4,4,0,1,1,4,"団体戦でシングルスプレイヤーととて確実に1勝できるエース的存在になる!!",2,2,2,0,0,4,4,4,4,4,6,6,6,6,4,4,5,1,3,1,1,5,4,1,5,3,5,1,5,1,2,4,4,4,4
"212","18年","合気道","女性",3,3,3,2,3,4,3,3,2,3,3,2,"健康の保持増進",1,1,0,1,0,5,4,3,4,3,4,4,6,2,3,2,4,3,2,2,2,3,2,4,2,3,4,4,1,1,0,5,0,0,4
"213","5年","ボディビル","男性",4,0,4,4,4,4,4,3,0,0,4,4,"審査員と見に来てくれたお客さんを感動させる",0,0,0,3,0,6,6,0,6,1,6,6,0,0,6,5,5,5,5,5,5,5,5,5,5,5,5,0,5,0,0,5,0,0,5
"214","14","フェンシング","女性",1,1,1,3,2,3,2,3,1,1,1,2,"オリンピックでメダルをとる",1,2,1,4,1,4,4,4,3,4,5,6,6,1,4,3,5,5,1,2,5,5,5,4,4,5,4,2,3,3,3,3,3,5,4
"215","14","サッカー","男性",4,4,4,4,4,4,4,4,4,4,4,4,"みんなと強調して勝ちとゆう目標のため",0,0,0,0,0,0,6,0,3,3,3,3,3,3,3,3,3,3,3,3,3,3,3,3,3,3,3,3,3,3,3,3,3,3,3
"216","7","柔道","男性",0,0,0,4,2,3,1,0,0,0,0,1,"日本一になる。",0,3,6,6,0,6,6,6,3,6,6,6,0,6,6,5,0,2,0,0,0,3,0,0,5,5,5,2,3,0,0,0,0,0,0
"217","14","柔道","男性",0,0,2,0,2,2,1,4,0,1,0,0,"日本一",0,0,0,0,0,0,0,0,3,3,0,0,0,0,0,5,5,0,5,0,0,5,5,0,5,5,5,3,5,0,0,5,0,0,5
"218","14","柔道","女性",3,3,4,4,3,3,3,2,3,2,3,4,"全日本Ｂ強化に上がる。",2,1,2,0,1,1,5,2,3,4,5,6,3,2,4,4,5,3,4,2,3,4,4,3,4,4,5,4,4,1,3,4,1,4,4
"219","13","柔道","男性",1,1,2,1,3,2,3,3,1,1,2,1,"校内予選を勝ち抜いて東京都学生 出場",0,0,2,1,1,0,2,2,2,4,4,6,6,6,6,4,3,1,5,2,4,3,5,5,4,5,4,2,4,0,0,4,0,2,4
"221","5年","硬式テニス","男性",1,0,1,2,1,2,1,1,1,0,1,1,"相手の行動を予測し、その後の自分自身の行動を考えること。",1,1,2,4,5,3,5,4,5,1,0,4,1,0,1,4,3,5,1,4,4,0,2,1,1,3,2,2,2,4,5,2,5,1,1
"222","9","ソフトテニス","女性",1,1,1,2,0,1,3,3,2,2,2,2,"前衛のポジションを完璧にする",2,4,2,2,3,3,3,1,4,5,4,4,4,3,3,1,3,2,2,3,3,2,4,2,3,3,3,1,3,3,2,2,2,2,2
"223","7","ソフトテニス","女性",1,0,1,1,2,3,2,2,0,1,2,1,"人から応援されるような選手になること",0,0,3,0,0,6,5,2,4,2,3,3,2,4,3,4,3,5,3,2,3,1,4,2,3,4,4,2,4,5,3,4,1,0,4
"224","10","ソフトテニス","男性",4,4,4,4,4,4,4,4,4,4,4,4,"筋トレですね
筋トレしてればスポーツは上手くなります",0,0,0,0,0,0,6,0,0,6,0,6,0,0,6,4,5,0,5,0,0,5,5,5,5,5,5,5,5,0,0,5,0,0,0
"225","13","ソフトテニス","男性",2,1,2,2,2,2,2,3,3,2,2,2,"インカレ出場",3,2,2,2,2,1,3,4,3,3,4,2,4,3,3,4,4,2,3,3,2,3,2,3,3,3,2,3,2,3,3,3,3,2,4
"226","3","ソフトテニス","女性",1,1,1,2,3,3,3,1,1,1,1,1,"自分勝手にならないこと",1,1,1,1,1,1,1,1,1,4,0,0,0,4,0,2,3,2,4,2,3,3,3,3,3,3,3,3,3,3,2,3,2,2,3
"227","9年","ソフトテニス","男性",1,1,1,1,1,2,2,1,1,1,2,2,"相手に打たせる",1,3,3,3,3,2,4,3,2,4,4,2,4,4,3,3,1,1,2,2,2,2,3,2,2,2,3,3,3,3,3,2,2,3,3
"228","14年","軟式野球","男性",1,2,3,4,2,4,1,2,1,3,1,3,"全国大会に出場して勝利をすること。",2,4,1,1,2,4,2,5,4,2,5,4,4,2,4,5,4,1,4,1,2,5,5,5,4,2,4,3,5,0,5,5,1,4,3
"229","8","陸上競技","男性",3,3,4,3,3,3,2,3,3,3,2,3,"箱根駅伝出場",2,3,2,3,1,1,3,3,2,3,4,4,2,3,3,1,2,2,3,3,2,3,3,2,3,3,3,2,3,2,3,3,2,3,3
"230","13年","サッカー","男性",4,3,3,2,2,3,3,3,2,2,4,2,"得点に絡む、相手選手が動きずらい様な動きをする",1,2,3,0,5,4,4,4,5,4,4,4,6,5,6,4,4,2,4,1,3,4,5,5,4,3,4,2,3,0,3,5,1,3,3
"231","11","野球","男性",3,1,3,4,4,4,2,3,1,2,1,3,"本気で取り組みながら楽しんで勝つ！",1,0,0,2,1,4,4,4,5,4,6,6,5,1,5,4,3,1,0,0,0,4,5,5,4,5,5,4,4,1,5,5,0,0,3
"232","7","野球","男性",2,2,1,1,3,3,2,1,2,2,2,2,"怪我をせず、長期的に活動する。",4,2,2,2,2,2,2,2,1,2,2,4,2,4,4,2,3,2,3,2,2,3,3,2,3,3,3,3,3,1,2,3,2,2,3
"233","10年","野球","男性",0,0,0,0,1,1,2,3,0,0,2,1,"まず軟式野球でヒットを打つこと",5,1,1,1,3,5,6,6,1,5,2,5,1,3,4,2,3,3,0,3,0,2,1,2,4,4,4,0,3,4,3,5,3,2,3
"234","14","テニス","男性",1,0,0,0,3,4,0,1,1,1,1,1,"サーブの種類を増やし、それを同じようなフォームで使い分けられるようにする",2,4,2,2,1,4,4,2,4,3,2,2,4,4,4,4,2,1,3,1,2,5,1,4,2,2,3,3,2,2,4,4,1,3,3
"235","3年","オーストラリアンフットボール","男性",1,0,3,3,4,4,1,1,0,1,3,1,"現地に行って、自分の力を試す",6,1,0,4,4,6,6,6,2,1,0,5,1,0,1,4,0,1,4,1,0,4,1,4,5,5,4,0,4,3,5,4,1,4,5
"236","12年","ラグビー","男性",3,3,4,4,2,1,4,2,3,3,2,4,"一部昇格",1,0,0,1,1,4,4,2,6,4,4,4,5,5,6,4,5,2,3,1,3,5,5,5,5,3,5,4,5,1,3,1,2,5,5
"237","14","サッカー","男性",1,2,2,3,3,4,3,0,1,3,3,1,"与えられた環境で、チームの勝利に貢献する。",1,1,1,2,1,4,2,1,4,2,1,2,1,5,1,1,4,2,4,3,2,5,4,1,4,4,4,2,4,1,4,4,2,3,4
"238","８年","硬式テニス","男性",2,1,1,2,3,4,4,4,1,0,3,4,"自分の試合結果よりも、後輩育成に力を入れて取り組むことを目標にしている。",2,6,1,5,2,4,6,5,5,1,4,6,6,2,0,2,1,0,2,0,0,1,3,0,4,4,5,1,1,0,0,5,1,0,4
"239","17","テニス","女性",2,2,2,3,4,3,3,2,1,2,2,3,"全日本学生選手権で良い戦績を残すこと",2,4,1,2,3,2,4,4,2,3,3,5,3,2,1,3,3,4,4,1,1,5,2,3,3,4,4,2,3,1,4,4,0,4,1
"240","13","クロスカントリースキー","男性",1,1,2,3,3,4,4,1,0,0,1,2,"インカレでのリレー優勝",1,2,0,1,2,5,6,2,4,3,1,5,1,1,1,4,3,2,2,2,1,4,5,1,4,4,2,4,5,0,1,4,1,4,1
"241","12年","バドミントン","女性",1,1,1,4,4,4,4,4,1,1,1,4,"ダブルスもシングルも良い結果を出す
インカレベスト16以上",0,1,0,0,0,6,6,3,3,5,6,6,6,6,6,4,4,1,3,1,1,5,5,2,4,2,5,2,4,1,0,5,1,5,4
"242","10年","陸上競技　長距離走","男性",1,2,1,0,1,2,3,2,2,2,2,1,"箱根駅伝出場",2,2,6,6,6,4,4,1,4,3,4,3,4,2,3,3,3,2,2,3,3,3,1,4,3,5,2,4,5,0,4,3,5,1,3
"243","13","バスケットボール","女性",0,1,1,1,1,3,1,1,1,1,1,1,"アイデンティティの確立",2,2,2,2,2,4,4,2,4,4,4,4,2,4,4,4,4,3,3,2,2,3,3,3,4,4,4,3,4,2,2,4,2,4,2
"244","１４年","バスケットボール","女性",1,1,1,1,3,2,2,3,1,2,2,2,"競技を通して社会に通用する人間性を獲得すること",0,3,0,1,0,1,4,2,4,5,5,4,3,4,3,3,5,1,3,1,2,4,3,4,4,4,5,5,4,0,1,4,0,3,4
"245","11年目","バスケ","女性",1,1,1,1,3,2,2,2,1,1,2,2,"心も体も技術も成長するため",2,2,2,3,1,4,5,5,5,5,1,5,4,1,4,5,4,4,3,3,3,3,2,3,3,4,4,4,4,3,4,4,1,3,4
"246","14年","バドミントン","女性",3,1,1,2,2,1,3,3,1,2,1,2,"インカレに出場する",2,2,5,1,2,4,2,4,4,4,2,1,1,2,1,2,3,2,1,2,2,3,3,3,3,3,3,2,3,2,4,3,4,3,3
"247","11","テニス","男性",4,1,2,3,3,4,1,2,1,2,3,2,"試合の結果に関わらず「諦めずに日々の練習に取り組むこと」今勝てなくても成長するのは毎日でありさぼってしまうとモチベーションが低下するために日々の練習に真剣に取り組むこと",1,2,1,5,1,4,2,3,4,3,2,5,4,2,4,5,2,3,3,3,3,1,4,2,4,4,2,1,3,5,3,3,2,3,2
"248","4年","バドミントン","男性",1,1,1,2,2,3,3,3,1,1,3,2,"チーム全員が心身ともに成長",1,5,1,2,1,1,5,5,5,5,2,4,5,4,3,2,3,1,2,1,1,1,2,0,2,2,2,3,3,1,0,4,1,1,4
"249","1年半","筋トレ","男性",3,2,3,2,2,2,2,4,2,2,3,2,"筋肉をつける",0,0,0,0,0,5,5,5,5,3,5,6,4,6,5,4,4,0,5,0,0,5,5,0,4,4,5,0,1,0,0,5,0,0,2
"250","14","サッカー","男性",3,3,3,3,3,4,2,2,3,2,3,2,"楽しむと",0,2,0,2,0,2,6,5,6,6,5,6,5,5,5,3,5,1,4,2,2,3,4,3,1,2,4,4,5,2,3,4,2,4,3
"251","12年","バスケットボール","女性",0,0,0,0,1,1,0,0,0,0,0,1,"試合に出て勝利に貢献する",3,3,1,4,4,3,2,4,4,2,2,5,4,3,2,3,1,0,2,2,0,1,1,3,3,0,3,2,2,2,1,3,2,2,3
"252","11","サッカー","男性",1,1,3,3,4,4,4,2,3,3,3,4,"選手権ベスト4以上",2,2,2,2,1,4,4,4,4,4,4,5,3,5,5,4,4,2,4,1,1,4,4,4,4,2,4,4,4,1,3,4,1,1,3
"253","2","ボディビル","男性",4,3,3,4,3,4,3,3,2,3,3,4,"nabbaという団体のボディビル競技（スポーツモデル）で日本・韓国大会で優勝すること。",0,0,0,0,0,5,5,3,5,5,6,6,3,5,6,4,4,2,4,0,3,5,5,5,5,5,5,5,5,0,2,0,0,3,5
"254","13年","卓球","女性",4,4,4,4,3,4,4,3,3,4,4,3,"インカレ優勝",0,0,0,0,0,0,6,0,6,0,6,3,6,6,6,5,4,1,5,0,0,5,5,5,5,5,5,5,1,0,2,3,0,3,1
"255","14年","アイスホッケー","男性",2,2,1,3,3,3,4,1,1,1,3,3,"チームで感情をコントロールしてお客さんに応援されるチームになりたい",5,0,0,1,0,2,5,3,4,5,1,5,0,4,1,2,3,1,3,2,3,4,5,3,4,5,5,1,2,0,2,4,0,2,4
"256","9","アイスホッケー","男性",4,4,3,4,4,3,3,4,3,3,4,3,"日本一",0,0,0,0,0,0,0,0,0,0,6,6,6,6,6,5,4,1,4,1,1,5,4,1,5,4,5,2,4,1,0,5,1,2,2
"257","7","バレーボール","男性",1,1,1,1,2,2,3,3,1,2,3,3,"個人的な考えをチームに強要せず、チーム全体としてひとつの方向に向かい頑張っていくこと。",2,1,2,0,0,4,6,2,4,6,6,4,4,4,4,4,4,1,4,1,1,4,4,4,4,4,4,4,4,1,1,4,1,4,4
"258","17","アイスホッケー","男性",1,2,2,3,2,2,3,3,2,1,3,3,"怪我なくプレーする",2,2,1,1,1,4,2,4,1,4,4,4,4,4,4,3,4,2,3,1,1,3,3,2,3,4,3,2,4,3,3,3,2,4,3
"259","13年","アルペンスキー","女性",0,0,0,0,2,2,2,1,0,0,1,1,"根性をつける",4,4,3,3,4,4,3,4,4,4,2,3,2,2,3,5,2,4,2,3,4,1,3,3,2,4,2,2,2,3,3,3,3,2,3
"260","11","アルペンスキー","女性",0,1,1,1,1,3,1,3,0,0,0,4,"インカレ入賞",3,1,1,5,5,2,5,4,4,3,3,3,5,4,4,4,4,1,1,1,2,4,4,4,4,4,4,4,4,4,4,4,4,4,1
"261","13","アイスホッケー","男性",2,2,1,4,4,4,2,3,1,1,2,2,"大学1年生の時から目指してきた、1部Aに昇格すること",2,2,0,2,2,4,3,4,6,2,4,6,2,3,2,1,4,3,3,2,3,3,5,5,4,5,5,3,4,0,3,5,1,3,3
"262","16年","アルペンスキー","女性",1,1,0,1,2,3,3,4,0,0,1,1,"失敗や怪我を恐れず恐怖に勝ちとことん攻めること。",3,0,0,2,2,3,5,1,3,2,3,4,4,4,5,5,2,4,3,0,4,1,3,2,4,4,4,3,4,0,4,5,3,4,5
"263","17","卓球","女性",1,0,0,1,0,2,4,4,0,0,4,1,"全日学予選通過",0,1,6,5,0,1,5,1,0,6,5,2,6,1,3,4,4,5,4,4,1,3,3,2,1,4,4,1,4,4,4,4,1,4,3
"264","11","アイスホッケー","男性",2,3,2,3,3,4,1,1,2,2,1,1,"自分がいいプレーをすることで、チームは勝てるので一貫性のあるパフォーマンスをする",5,6,5,4,5,5,1,2,3,4,5,3,2,2,4,0,4,2,2,0,3,1,5,1,1,3,4,1,3,3,4,4,4,2,4
"265","1","ボディービル","男性",3,2,2,2,2,2,2,3,3,2,2,2,"自己ベストを更新すること",2,6,2,4,4,4,6,0,6,1,0,4,3,0,2,4,4,3,2,4,0,1,3,1,4,4,3,4,4,1,0,4,0,0,2
"266","15","卓球","女性",3,1,1,1,3,4,4,4,2,3,4,4,"全日本学生選手権大会に出場しランクに入ること",0,0,0,0,0,0,5,6,1,5,5,6,6,0,6,5,4,1,4,1,1,4,1,5,5,5,5,5,3,3,3,5,1,1,5
"267","9年","卓球","女性",1,0,1,1,3,3,3,2,0,0,1,2,"全日学出場",4,4,2,4,2,4,5,5,5,4,2,2,2,2,4,1,1,2,2,3,2,3,2,2,3,3,3,2,3,2,3,3,2,2,3
"268","13","バドミントン","女性",1,1,2,3,1,3,3,1,1,1,2,1,"試合に勝つこと",0,0,0,0,0,6,4,1,1,4,4,6,2,4,6,4,3,1,3,1,1,4,4,3,3,3,5,4,4,4,2,4,2,4,4
"269","0年"," テニス","男性",1,1,2,2,2,3,3,3,1,1,2,2,"今テニスをやっているが、履修が終わるまでテニスの基礎的なことくらいはしっかり身につけたい。",3,5,4,4,3,4,4,5,4,4,4,5,4,5,5,4,4,3,2,2,2,2,4,2,4,3,4,3,4,4,4,4,2,4,3
"270","3年→2年ブランク→再開後3ヶ月目","ゴルフ","男性",0,0,0,0,1,4,4,2,0,0,3,0,"自分の上達を通して他人に教えることができるようになる",0,1,2,0,1,6,5,3,6,3,0,6,2,0,3,4,3,0,0,0,0,0,3,0,2,4,5,0,3,3,0,5,0,0,0
"271","10年","ゴルフ","女性",3,1,3,1,3,2,1,4,1,2,2,1,"Aリーグ昇格",2,1,0,2,1,2,3,3,3,3,4,4,3,5,2,2,4,2,4,2,2,4,4,2,3,2,4,3,2,1,3,3,2,2,4
"272","9年","野球","男性",2,1,3,4,4,3,3,3,2,2,1,3,"負けるのが大嫌いなので勝つことだけを目標にしています。",2,2,0,0,0,1,3,4,4,2,5,3,5,6,3,3,5,1,4,1,0,5,4,3,4,1,5,5,5,0,3,5,0,2,0
"273","13","ゴルフ","男性",2,2,2,2,2,2,2,3,2,2,2,2,"マスターズ優勝",2,0,0,0,0,6,4,4,4,4,3,4,2,2,4,5,5,5,5,2,4,2,3,4,4,5,5,3,5,3,4,5,4,4,4
"274","15年","ゴルフ","男性",0,0,1,1,3,3,2,2,1,1,1,2,"メジャー制覇",0,0,0,0,0,4,4,4,4,4,3,4,0,2,4,4,3,1,2,0,0,3,3,5,3,5,5,2,4,3,5,5,5,5,5
"275","10年","バスケットボール","女性",2,3,3,3,3,2,4,3,3,4,3,3,"関東大学女子バスケットボール連盟における1部のベスト4以上",2,3,0,0,3,5,5,3,3,5,5,5,3,0,2,4,3,2,1,3,2,3,4,4,4,3,4,4,4,0,2,4,0,0,4
"276","11","バスケットボール","女性",2,2,2,2,3,3,2,2,2,2,2,2,"点数を取れるようにプレーを選択する",2,2,2,2,2,2,4,2,3,4,4,4,3,4,3,3,3,3,2,2,3,2,2,2,3,3,3,3,3,2,2,3,2,2,2
"277","12年","バスケットボール","女性",1,1,3,2,3,4,3,1,2,3,1,2,"人間として成長する",1,0,1,2,0,0,4,1,3,4,3,3,3,4,1,4,5,1,3,3,2,3,3,2,5,5,5,5,5,1,1,4,0,4,3
"278","16","バスケットボール","女性",2,1,3,2,3,3,3,3,1,1,1,3,"みんなが同じ目標に向かって行動すること",1,0,0,0,0,5,4,1,5,6,6,6,6,5,6,4,4,3,2,2,1,5,2,3,4,5,5,4,4,1,3,3,0,4,4
"279","9年","バスケットボール","女性",2,1,1,2,3,2,3,2,1,1,2,1,"試合で勝つこと",1,1,1,3,4,1,5,5,5,5,2,5,4,5,3,3,2,3,3,1,1,3,3,3,3,3,3,3,3,1,2,2,1,1,3
"280","9","バスケ","男性",2,2,2,2,2,2,2,2,2,2,2,2,"チームワーク",3,3,3,3,3,3,3,3,3,3,3,3,3,3,3,3,3,3,2,2,2,3,3,3,2,2,2,3,3,3,2,2,2,3,3
"281","10年","バスケットボール","男性",1,0,1,1,1,1,2,2,2,2,2,1,"認めてもらえるような選手",2,2,2,3,2,3,2,1,2,2,4,3,5,0,5,4,4,2,4,3,2,4,4,2,4,1,4,3,3,2,1,4,2,1,3
"282","10","バスケ","男性",3,3,3,3,3,3,3,3,2,2,2,3,"必要とされる選手",3,3,3,3,3,3,3,3,3,3,3,3,3,3,3,3,3,2,3,2,2,3,3,2,3,2,3,2,3,2,2,2,2,3,3
"283","14","バスケットボール","男性",3,3,3,3,3,3,3,3,3,3,3,3,"プロバスケットボール選手になること。",2,2,2,2,2,2,2,2,2,2,2,2,2,2,2,3,3,2,3,2,2,3,3,2,3,2,3,3,3,2,3,3,2,2,2
"284","3","アメリカンフットボール","男性",2,1,1,1,1,1,3,1,1,1,1,1,"スタメンになる",3,3,3,3,3,3,3,3,3,3,3,3,3,3,3,3,3,3,3,3,3,3,3,3,3,3,3,3,3,3,3,3,3,3,3
"285","4","アメフト","男性",3,2,2,2,2,2,2,2,2,2,2,2,"フィジカルアップ",4,4,4,4,4,4,4,4,4,4,4,4,4,4,4,3,3,3,3,3,3,3,3,3,3,3,3,3,3,3,3,3,3,3,3
"286","13","バスケットボール","女性",0,2,1,2,1,3,4,1,0,1,2,0,"ベスト4以上",2,2,1,1,1,5,1,4,3,4,3,5,2,4,1,2,4,3,1,3,3,1,1,2,3,4,4,4,4,4,4,4,1,3,4
"287","10年","バスケットボール","女性",2,2,2,1,1,2,1,1,2,1,2,2,"走り負けない",1,4,2,2,2,3,3,3,3,2,4,2,4,2,3,2,3,3,2,2,2,2,3,2,3,2,4,2,3,0,3,3,2,3,3
"288","9","バスケットボール","女性",1,0,1,1,1,3,1,1,0,1,1,1,"リーグ戦ベスト4以上",2,3,3,4,4,6,6,1,2,0,1,1,1,0,5,5,4,4,3,2,5,1,4,2,3,4,3,3,2,4,5,3,5,1,5
"289","7年","アメリカンフットボール","男性",3,1,1,4,4,4,4,1,0,0,2,4,"big昇格",0,0,0,0,0,3,3,0,4,4,2,6,6,6,6,0,2,0,4,2,2,4,5,4,5,5,5,5,5,1,4,5,1,4,2
"290","5","クロスカントリースキー","女性",1,3,4,3,1,3,1,4,3,4,3,4,"インカレ入賞をする。リレー5位！",2,1,2,2,2,4,4,4,4,5,4,4,4,1,5,4,5,4,4,3,3,3,4,1,4,1,4,4,4,4,1,4,3,4,1
"291","12","バスケット","男性",3,3,3,3,3,3,3,3,3,3,3,3,"日本一",0,4,4,4,4,4,4,4,4,4,4,4,4,4,3,3,3,3,3,3,3,3,3,3,3,3,3,3,3,3,3,3,3,3,3
"292","13","バスケットボール","男性",2,2,1,1,1,2,3,3,0,1,1,1,"試合に出てる出てない関係なくチーム全員で勝つこと。",1,1,1,1,1,4,4,2,4,3,4,4,4,5,1,4,2,2,3,3,3,1,3,3,3,5,4,2,3,2,4,3,2,4,3
"293","6年","アメリカンフットボール","男性",0,0,0,3,3,3,3,3,1,1,3,2,"チーム力",1,1,1,1,1,1,1,1,1,1,1,1,1,1,1,4,4,1,3,1,1,1,1,1,1,1,1,1,1,1,1,1,1,1,1
"294","4","アメフト","男性",3,3,2,2,3,3,3,2,2,2,2,2,"向上心を持つ",2,3,2,2,2,4,3,2,3,4,3,2,3,2,3,3,2,3,3,2,3,2,2,3,2,3,2,2,3,2,3,2,3,2,3
"295","４年","アメリカンフットボール","男性",1,2,2,2,2,3,3,3,3,3,2,2,"結果を出さないといけないところで出すこと。",4,4,4,4,5,4,4,4,4,4,4,4,2,2,3,4,4,3,3,3,3,3,3,3,3,3,3,3,3,3,3,3,3,3,3
"296","9年","バスケットボール","男性",1,0,1,2,2,1,2,2,0,0,1,1,"プロバスケットボール選手になること",2,3,1,0,0,1,5,4,4,2,0,2,4,3,4,3,3,2,2,2,2,3,3,3,4,2,3,2,1,2,3,3,1,2,3
"297","14","バドミントン","女性",3,3,3,3,2,1,3,3,0,0,1,3,"全日本総合出場",1,3,1,1,0,3,4,1,1,4,4,5,3,4,5,2,5,2,3,0,2,3,4,3,3,5,5,3,4,3,2,5,0,5,3
"298","10","クロスカントリースキー","女性",0,0,0,0,4,4,4,2,0,0,2,0,"競技を行うことの目標は、人に指導できるように自分の技術や経験を培うことだと考える。
この競技を行うことで、この先有利になることはほぼ無いが、競技を行ってきた経験や人に指導出来るような技術の獲得というのは、自分の人生に生きると考えるため。",5,6,3,5,2,4,4,2,4,4,4,4,2,2,4,5,5,4,1,1,1,3,3,1,5,5,5,1,3,4,5,1,3,1,5
"299","5年","アメリカンフットボール","男性",0,0,1,3,1,2,3,4,1,1,3,2,"怪我をしない体作り
怪我が当たり前のスポーツであるから少しでも怪我の軽減する様に体幹・筋肉量・柔軟性・インナーマッスルなどの体作りを怠らない。
また日々の食事や睡眠などもとても重要なのでルーティンを作り体に染み込ませる。",6,4,6,5,1,6,5,5,3,4,5,4,5,0,3,1,3,5,5,5,1,2,4,0,5,4,5,5,5,0,1,3,0,0,5
"300","12年","バドミントン","女性",3,1,1,1,3,4,3,4,1,3,1,4,"インカレで上位の成績を残す
ダブルもシングルもできるプレイヤーになる",1,1,0,0,0,5,6,6,5,6,6,6,6,6,6,5,5,1,2,1,1,5,5,1,5,1,5,2,5,1,1,4,1,4,4
"301","12","バドミントン","女性",1,0,1,0,1,2,2,1,0,0,0,0,"とにかく楽しむこと",3,5,1,2,2,3,4,4,4,4,2,4,2,2,3,5,4,5,0,2,5,1,2,3,3,4,3,3,2,4,4,2,2,3,4
"302","12年","バドミントン","女性",2,2,3,2,2,3,3,2,3,2,3,2,"慎重な場面で焦らず自分のプレーを出しきること",5,1,0,0,0,3,5,5,3,5,1,4,3,5,5,3,2,3,2,2,3,3,3,3,3,3,3,3,3,1,1,3,1,1,3
"303","14年目","バドミントン","女性",1,1,2,2,3,3,3,2,1,3,2,2,"インカレ出場",2,2,2,2,2,2,4,4,4,4,4,4,4,3,4,3,3,1,2,2,3,3,3,1,3,4,3,3,3,2,3,4,2,3,3
"304","11年","卓球","男性",2,0,1,3,3,2,3,1,1,2,3,3,"全日学出場",2,1,2,2,2,2,4,4,4,4,4,4,6,3,5,5,2,2,3,3,4,3,3,3,2,4,3,2,3,2,2,4,2,2,5
"305","10年","卓球","男性",2,2,2,2,3,3,2,2,0,1,1,1,"全国大会でランクに入る。",1,0,2,2,2,3,4,2,4,4,2,4,3,3,5,2,4,2,3,0,2,3,3,0,3,5,4,2,3,2,2,4,1,2,3
"306","14年","卓球","男性",2,1,1,3,3,3,1,1,1,1,4,3,"全日本選手権でランクに入ること。",2,3,1,1,1,2,4,4,5,3,4,4,3,4,4,3,2,2,3,2,2,2,3,1,3,4,3,3,1,3,1,3,4,2,3
"307","10","バスケットボール","男性",2,2,1,3,3,3,2,1,2,3,2,2,"パフォーマンス",3,3,3,3,3,3,3,3,3,3,3,3,3,3,3,2,3,1,4,1,1,3,4,4,4,1,4,3,4,2,3,4,2,3,4
"308","14年","バドミントン","女性",3,1,3,1,3,3,2,3,2,1,2,3,"1部昇格",2,2,2,1,1,4,4,3,3,4,2,3,3,4,2,4,3,2,3,2,3,3,3,2,3,3,3,3,2,2,1,4,1,4,3
"309","13年","硬式テニス","男性",2,1,1,2,3,3,3,3,2,3,1,2,"インカレに出場すること",3,2,2,2,2,2,2,5,4,3,5,4,3,1,4,3,3,4,2,2,3,3,3,3,3,3,3,3,3,1,4,3,2,3,3
"310","1年半","ジム（ヨガ、ピラティス、キックアウト）、ランニング","女性",2,2,3,2,2,2,2,3,3,2,3,2,"痩せるため",2,2,2,2,2,2,4,4,4,4,4,4,4,4,5,3,4,1,1,3,1,3,4,1,4,3,4,3,3,1,2,4,1,2,3
"311","15年","バドミントン","女性",1,1,0,2,2,4,3,2,1,1,0,2,"個人戦で全国ベスト4に入る。そのために日頃からの身体作りやトレーニング、自分に厳しくできるかできないかが大きく影響してくると思う。",1,0,0,1,1,4,4,4,4,4,3,4,4,5,4,5,3,2,4,2,2,3,2,3,5,5,5,5,5,2,4,5,1,5,5
"315","1年","空手","女性",3,2,2,2,3,4,3,3,2,2,3,2,"精神の鍛錬",2,4,0,1,1,0,6,2,5,5,6,6,4,5,6,2,3,0,3,4,1,3,3,1,5,5,3,1,1,0,1,5,1,0,2
"316","12年","バレーボール","男性",1,2,0,1,2,3,2,2,1,2,4,2,"スポーツマンシップ",0,1,1,1,0,0,0,0,0,0,6,6,6,6,6,4,4,1,2,2,1,4,3,3,3,3,3,3,3,1,3,3,4,3,3
"317","13","バレーボール","男性",1,1,1,1,1,3,1,1,1,2,2,1,"ミスを減らす",5,1,1,1,1,5,5,5,5,3,4,4,5,4,5,3,3,3,3,3,3,3,3,3,3,3,3,3,3,3,3,3,3,3,3
"318","7","バレーボール","男性",1,2,3,1,3,4,4,1,1,2,2,1,"自分のパフォーマンスをよくして自信に繋げる",4,1,1,2,2,2,3,5,5,5,4,4,5,1,5,3,3,3,3,2,2,3,3,2,3,3,4,3,3,2,3,3,2,3,3
"319","3","合気道","男性",2,1,2,2,3,3,2,3,2,3,2,1,"合気道の受けを柔らかくなるようにする。",4,4,3,2,2,5,5,2,4,4,4,5,4,5,6,2,4,1,3,2,3,4,2,4,5,5,4,2,4,2,3,5,2,1,4
"320","4","オーストラリアンフットボール","男性",3,2,3,4,3,3,4,1,2,3,1,3,"チームとしてオーストラリアンフットボールのリーグ戦において日本一位を取ること。",2,2,1,2,1,2,2,2,1,2,1,2,2,2,1,3,4,1,1,1,1,3,3,3,4,2,3,3,4,1,3,4,3,2,1
"321","3","オーストラリアンフットボール","男性",3,2,1,4,2,4,1,2,2,3,0,2,"日本一位",4,2,1,0,0,4,4,4,6,5,6,6,5,6,6,2,5,2,5,2,2,5,5,5,5,5,5,4,5,0,5,5,0,5,3
"322","3","オーストラリアンフットボール","無回答",4,4,4,4,4,4,4,1,3,2,4,4,"昨日の自分より成長していること",6,0,0,0,0,0,0,1,6,4,6,6,5,4,4,5,5,0,5,0,0,5,0,0,5,5,5,5,0,0,0,5,0,0,5
"323","2","オーストラリアンフットボール","男性",1,1,3,2,3,3,3,3,1,1,1,1,"試合に勝つこと。",0,5,2,0,1,3,4,1,0,3,5,5,0,5,5,4,3,1,3,2,1,4,4,3,3,4,4,3,4,4,1,5,0,1,2
"324","0","合気道","女性",0,0,0,0,1,1,0,0,0,0,0,0,"試合がないため、武道の心を持ち心身共に成長する",1,1,5,1,5,1,5,1,4,1,4,5,2,2,2,1,1,4,1,1,3,1,1,3,1,2,4,1,1,4,4,4,1,1,1
"325","3年","オーストラリアンフットボール","男性",4,4,3,3,3,3,1,3,3,3,1,3,"優勝すること。",2,2,4,0,0,2,4,4,4,4,4,5,5,5,4,5,4,0,4,1,1,4,4,4,4,3,4,3,4,1,4,4,1,3,4
"326","13","卓球","女性",4,2,2,3,2,3,1,2,0,0,0,1,"インカレ出場",2,4,1,1,1,1,2,3,3,2,2,4,1,2,5,3,4,3,2,2,3,3,2,3,2,3,3,3,3,3,2,3,3,3,2
"327","2","空手","女性",2,2,2,2,2,2,3,2,1,2,3,2,"精神を安定させるために気持ちを作ること",3,3,3,3,3,3,3,3,3,3,3,3,3,3,2,3,2,3,3,3,3,2,3,2,3,2,3,3,2,3,2,3,2,4,2
"328","11年","クロスカントリースキー","男性",3,1,2,2,3,4,2,3,1,1,1,3,"少しずつ能力（機能）を上げていくこと",0,0,0,1,1,6,5,3,6,5,1,6,0,3,6,4,1,3,3,4,3,1,4,4,4,5,3,4,3,2,3,5,0,0,5
"329","4","フェンシング","男性",3,2,3,2,3,3,2,1,2,2,2,3,"インカレベスト8",4,2,1,3,2,3,2,3,1,4,3,4,3,3,3,2,3,2,3,2,2,3,3,2,3,2,2,3,2,1,2,3,1,2,3
"330","7","陸上競技(長距離)","男性",2,1,3,3,2,2,3,1,2,2,2,3,"専修大学の大エースになる。
",2,3,2,2,2,3,3,4,3,3,3,4,4,4,4,2,3,1,4,1,2,3,4,2,3,2,3,3,3,1,2,3,1,3,2
"331","16","柔道","男性",1,1,2,2,3,3,1,1,1,2,1,1,"将来的には人の手助けとなる行動ができるようになる",2,2,5,4,4,3,4,3,4,4,4,4,4,5,4,3,3,4,3,2,3,3,3,4,4,3,4,4,4,5,4,4,2,5,5
"332","14年目","柔道","男性",2,3,2,2,3,3,3,3,1,1,2,3,"全国大会に出場する",2,3,1,2,2,5,5,4,4,4,4,4,2,2,4,4,4,3,2,2,3,3,3,3,3,3,3,2,3,2,3,3,2,3,3
"333","10年","柔道","男性",1,1,1,1,1,1,1,2,1,1,1,1,"試合に出て結果を残す",3,3,3,3,3,3,3,3,3,3,3,3,3,3,3,2,2,2,2,2,2,2,2,2,2,2,2,2,2,2,2,2,2,2,2
"334","7","柔道","男性",0,0,0,0,0,0,0,0,0,0,0,0,"がんざる",0,0,0,0,0,0,0,0,0,0,0,0,0,0,0,0,0,0,0,0,0,0,0,0,0,0,0,0,0,0,0,0,0,0,0
"336","8年","相撲","男性",1,3,0,1,2,2,1,3,0,1,0,0,"東日本で8位",2,2,2,2,2,4,4,4,4,4,4,4,4,2,4,2,3,3,3,3,3,3,3,3,3,3,3,3,3,2,2,2,2,2,3
"337","15年","相撲","男性",1,2,3,2,3,2,4,3,1,1,3,3,"Aリーグに入ること",4,4,1,1,1,5,6,2,4,5,3,2,5,2,4,3,3,1,3,2,0,4,5,2,3,1,4,3,2,1,0,3,1,1,4
"338","13年","柔道","男性",1,0,0,1,0,2,1,2,0,1,1,1,"公式戦のレギュラーとして試合に出ること",1,1,5,5,5,3,1,3,3,5,5,5,3,5,5,4,3,4,1,3,4,1,3,1,3,4,3,1,3,4,1,3,3,1,3
"339","3","レスリング","男性",0,1,2,0,0,2,1,3,2,1,1,0,"選手権優勝",2,5,3,5,4,1,3,4,1,2,0,6,5,0,1,4,3,2,2,2,3,1,2,2,3,3,3,1,1,4,3,3,1,1,3
"340","17","レスリング","男性",4,3,4,4,3,3,3,3,3,3,3,4,"日本一",2,1,1,1,2,1,5,5,4,5,5,5,4,1,5,2,1,0,3,1,4,5,3,5,2,2,2,3,3,1,1,4,0,1,2
"341","15","レスリング","男性",2,2,3,3,3,4,3,3,1,2,1,2,"インカレ優勝",0,0,0,0,0,6,4,3,4,4,4,4,2,4,3,3,5,3,3,3,3,4,4,4,5,5,5,3,5,0,1,4,0,0,1
"342","14年","レスリング","男性",2,1,1,3,2,3,1,2,1,1,2,4,"私が考えるスポーツの重要な目標は、人間的成長だと思います",2,0,0,4,4,0,6,3,5,1,4,6,5,1,6,3,3,4,1,1,1,3,2,4,5,5,5,5,3,4,5,4,2,2,3
"343","17","レスリング","男性",3,2,3,3,3,3,3,3,1,2,3,3,"世界王者になること",3,3,3,4,5,2,4,2,5,4,4,2,5,1,4,3,4,2,5,4,1,3,4,1,3,3,1,4,3,2,1,3,2,3,4
"344","14年","競泳 背泳ぎ","男性",3,2,3,2,2,3,2,3,3,2,2,2,"インカレ",2,2,2,2,0,5,1,3,3,1,2,4,5,3,2,4,4,1,4,1,4,3,5,4,4,3,3,3,5,4,3,3,2,2,2
"345","13年","競泳","女性",1,3,3,1,1,3,1,4,0,1,1,1,"自信をもつ",0,1,0,5,2,4,4,2,6,1,4,6,4,2,5,4,1,3,2,2,4,4,3,4,5,4,4,2,3,3,4,3,4,4,2
"346","16年","競泳","男性",4,2,4,4,4,4,4,4,0,0,0,4,"チーム全員ベスト記録更新",0,6,0,0,0,0,6,0,6,6,6,6,6,0,0,0,5,0,5,0,5,5,5,0,0,5,5,0,0,0,5,5,0,5,5
"347","０","射撃","女性",0,0,0,0,1,2,2,1,2,1,1,1,"安定したフォームを作る
",2,4,2,2,2,4,4,4,4,4,2,3,3,3,2,4,4,2,2,2,2,2,3,1,2,3,3,2,3,4,1,3,1,2,4
"348","15","テニス","男性",3,3,3,3,3,4,3,2,3,3,3,4,"怪我をせずに良いパフォーマンスをする。",1,1,2,1,1,4,4,3,2,4,2,4,2,2,4,2,4,2,4,1,3,3,2,2,2,2,2,3,2,0,1,4,1,4,3
"349","10","陸上競技長距離","男性",0,1,2,1,2,2,2,0,3,3,0,0,"箱根駅伝出走",1,4,6,6,6,3,4,5,4,4,1,0,3,0,5,2,2,3,4,3,5,3,3,4,3,5,0,3,3,0,5,3,4,4,3
"350","9年","陸上競技","男性",3,3,1,2,2,3,4,3,2,1,1,3,"箱根駅伝出走",1,1,0,0,0,2,3,2,4,5,4,5,2,2,3,3,4,1,4,1,1,4,3,2,4,4,4,4,4,1,1,3,1,1,2
"351","5","陸上競技","男性",1,1,0,1,3,3,3,1,0,0,1,1,"箱根駅伝出走",2,3,3,5,5,2,4,4,5,4,3,4,1,3,2,4,5,2,4,1,3,4,5,1,3,3,3,1,3,1,3,3,1,3,1
"352","4","テニス","男性",2,2,2,1,3,3,3,3,2,2,2,1,"自分が納得のいくプレーができるようになりたい",2,1,1,2,1,3,3,3,3,5,4,4,3,3,3,2,3,1,1,0,0,2,3,1,2,2,2,3,3,1,1,4,0,0,2
"353","15年","競泳","男性",1,1,3,1,2,3,3,1,0,3,1,2,"ワンチーム",2,2,2,2,2,2,1,2,1,4,2,4,2,2,2,3,2,2,1,1,2,2,3,3,3,3,3,2,3,2,2,3,2,2,3
"354","6年","陸上長距離","男性",1,0,2,0,2,3,3,0,3,3,2,3,"箱根駅伝の3区か8区を走り、地元の茅ヶ崎の方達に応援してもらう。",1,1,1,2,1,4,4,4,4,4,1,5,2,2,4,4,3,2,2,2,2,2,3,3,4,4,4,3,4,3,4,5,2,2,2
"355","2","体育会合気道","男性",3,2,2,2,3,2,2,1,2,2,1,2,"どんな技でもかけれるようになりたい。",3,4,4,4,3,2,6,3,4,2,3,4,2,4,3,4,5,0,1,0,0,5,3,1,4,3,4,3,3,0,0,4,0,4,4
"356","0年","合気道","女性",2,0,0,2,3,4,4,3,2,2,3,2,"常に相手の動きを利用して技をかける",1,1,0,4,4,6,6,4,2,1,1,5,0,1,2,1,4,3,4,4,3,1,3,0,4,4,4,1,0,2,0,4,3,0,4
"357","15年","レスリング","男性",1,1,3,3,0,4,2,3,0,1,0,2,"勝負の世界に身を置くことで心身共に鍛えること",1,1,0,4,1,4,3,1,1,5,5,4,2,1,5,3,3,1,4,2,3,3,4,5,3,4,4,2,2,1,3,2,0,4,4
"358","6","陸上競技部","男性",1,1,3,1,1,2,3,3,3,2,1,1,"自分の限界にチャレンジすること",2,2,2,4,2,5,1,2,1,1,2,4,3,4,1,2,3,3,2,3,3,1,3,1,4,4,4,1,2,0,1,4,0,3,2
"359","15","テニス","女性",1,0,1,1,0,0,4,4,0,0,0,0,"リーグで1部昇格すること",0,0,0,5,6,6,6,0,3,6,6,6,6,6,6,5,4,0,0,0,4,1,1,1,5,5,5,3,4,0,5,5,0,0,0
"360","15","硬式テニス","女性",1,3,4,0,1,1,1,3,3,0,1,0,"全国大会に出場すること。",1,1,0,2,2,0,4,2,2,2,1,4,1,0,0,5,3,4,2,3,3,2,1,0,3,4,5,5,2,3,0,1,0,1,3
"361","15","硬式テニス","女性",3,2,3,3,3,3,4,0,3,1,3,3,"個人戦で全国大会にいく",2,2,0,1,1,3,4,4,4,5,2,6,0,1,4,2,4,3,3,2,4,2,4,2,3,3,4,2,4,1,0,2,2,2,5
"362","10","テニス","女性",2,1,1,1,1,2,3,3,1,1,3,1,"4年間でリーグメンバーに入り、1部昇格すること",1,2,1,1,1,3,4,4,3,4,2,3,3,5,3,3,4,2,3,2,2,2,2,2,4,4,4,2,2,3,1,4,2,2,2
"363","14","硬式テニス","女性",3,3,3,3,3,4,3,3,2,3,3,3,"インカレ本戦出場",1,1,1,1,2,4,2,2,4,4,4,5,1,3,5,3,3,1,4,0,2,5,5,0,4,3,4,3,3,0,3,3,1,3,1
"364","8","テニス","女性",1,1,2,3,3,3,4,3,1,1,1,1,"インカレ出場",1,2,0,1,1,5,5,1,5,5,5,1,1,1,4,4,4,5,1,3,4,3,4,4,4,4,4,1,1,4,1,1,1,1,4
"365","12","硬式テニス","女性",1,1,1,1,2,3,1,3,0,1,1,0,"本戦に出場すること",4,2,2,2,2,4,4,2,4,4,4,4,1,2,4,2,3,3,1,2,2,2,2,3,2,3,3,2,3,2,3,2,3,2,3
"366","14","テニス","女性",1,1,0,2,2,3,1,2,2,2,1,2,"継続する",2,1,0,0,1,2,3,4,4,3,5,6,2,4,4,1,4,4,2,1,3,3,2,3,1,5,4,3,4,2,3,3,2,4,1
"367","10年","硬式テニス","女性",1,1,3,2,1,2,1,2,2,1,1,2,"自分の課題(苦手意識があるもの)に向き合うことです。",1,2,1,2,1,2,6,5,4,4,5,6,2,6,4,3,4,4,2,3,4,3,4,5,3,5,4,2,5,4,5,4,2,4,4
"368","10","陸上長距離","男性",0,0,0,0,2,3,4,0,0,0,1,0,"関東インカレ入賞",0,0,0,0,1,4,0,5,5,4,4,4,4,4,4,0,0,1,5,0,0,0,0,0,0,0,0,0,0,0,0,0,0,0,0
"369","16","テニス","女性",0,0,0,0,1,3,1,0,0,1,0,0,"本戦で一勝すること。",5,6,2,4,4,2,5,2,4,2,2,4,2,2,2,2,2,3,1,1,2,2,2,3,1,1,2,2,2,3,3,2,1,4,3
"370","3","ボウリング","男性",3,1,3,1,3,3,3,3,0,1,3,3,"スコア平均190",2,2,1,1,2,2,1,2,1,4,4,4,1,4,4,3,4,1,2,2,2,2,4,1,3,3,3,3,2,2,4,3,1,1,3
"371","12年","硬式テニス","女性",2,1,1,2,1,3,3,1,3,2,1,2,"インカレ本戦出場",2,3,2,1,1,1,5,5,1,5,5,5,2,2,2,4,4,1,4,1,1,4,2,1,3,2,4,2,3,1,1,4,1,2,3
"372","九年","陸上長距離","男性",2,2,3,3,2,1,1,2,1,1,1,1,"箱根駅伝出場",3,5,2,3,4,3,2,2,4,2,3,6,3,5,6,4,3,4,1,3,3,2,3,2,2,5,3,2,2,1,3,3,4,3,3
"373","10","陸上競技","男性",1,1,3,3,3,3,3,3,1,1,2,2,"箱根駅伝予選会突破、本戦出場
ハーフマラソン62分台",0,0,0,0,0,1,4,2,4,5,6,6,5,5,6,5,5,1,5,1,1,5,4,5,5,5,5,5,5,1,1,5,1,3,4
"374","3年","テニス、バドミントン","男性",1,1,1,2,1,2,1,3,1,1,1,1,"試合をする時緊張しすぎず程よく楽しめるようにする。",2,4,2,2,1,3,4,4,5,3,2,6,2,5,6,4,2,4,2,3,1,1,4,3,2,2,4,2,2,1,1,4,1,1,1
"375","10","ゴルフ","男性",3,3,4,3,4,4,4,0,4,4,2,3,"全国大会出場",6,6,4,2,4,4,5,5,5,5,5,5,5,5,5,4,4,4,4,4,1,4,5,4,4,4,4,4,4,0,4,4,4,4,1
"376","1","ボディビル","男性",2,2,1,2,2,3,1,1,2,2,2,2,"自分なりの理想の体に近くこと。

",2,4,2,4,4,2,5,4,2,2,2,4,4,4,4,2,4,1,1,1,1,3,3,1,4,4,4,1,4,3,2,4,1,1,1
"377","8","陸上","男性",1,1,1,1,1,3,3,3,0,0,1,1,"箱根駅伝出場",0,0,0,0,0,0,4,0,6,6,6,6,5,6,0,3,4,3,5,3,2,2,5,5,5,5,5,4,5,1,1,5,0,1,4
"378","14","剣道","男性",3,2,2,3,3,3,3,3,3,3,3,3,"日本一",2,2,2,2,2,2,2,2,2,4,4,4,4,4,4,3,3,3,3,3,3,3,3,3,3,3,3,3,3,3,3,3,3,3,3
"379","8","陸上競技(長距離)","男性",3,3,4,3,3,3,4,3,2,3,1,3,"箱根駅伝出場",1,2,1,1,1,4,4,4,2,4,4,5,2,2,2,1,4,3,4,1,1,2,4,1,4,4,4,4,4,1,1,4,1,1,3
"380","１２","野球","男性",4,4,4,4,4,4,4,2,4,3,0,3,"自分の目標は甲子園に出場できなかった悔しさを晴らすことです。
じぶんがベストなプレーをすることができ、チームがまとまって1つの勝利を意識することができたら必ず結果はついてくると思っています。",1,4,0,2,3,3,5,2,6,4,5,6,2,1,0,1,4,2,5,1,2,5,5,4,4,5,1,2,5,0,3,5,0,3,3
"381","2ヶ月","合気道","女性",3,0,1,0,3,3,1,4,0,0,3,3,"健康でいること",2,5,4,4,4,2,6,2,4,1,2,1,1,2,1,1,4,3,5,2,5,1,5,0,4,4,5,3,5,4,0,5,0,0,1
"382","4年","陸上","男性",0,0,2,0,2,2,2,2,0,0,0,0,"箱根駅伝出場",0,2,0,0,0,0,3,2,2,3,3,3,5,3,3,3,0,4,0,2,1,0,3,1,3,5,5,2,2,4,0,4,2,0,1
"383","9年","陸上競技","男性",0,0,0,0,0,4,2,0,0,0,0,0,"自分の限界に挑戦",0,6,0,5,5,6,6,6,6,3,0,6,3,0,0,3,5,0,4,3,4,4,5,2,4,5,5,5,5,0,3,5,0,0,0
"384","6","陸上競技","男性",0,0,0,2,2,3,1,1,1,1,2,1,"マネージャー標準のタイムを切る",4,2,0,3,2,4,4,4,3,3,4,6,4,2,5,4,3,2,1,2,2,3,3,3,4,4,5,3,3,2,2,4,2,3,3
"385","5年","女子サーブル","女性",1,0,4,1,3,4,3,4,0,3,0,1,"団体戦で全日本出場権獲得。",0,0,0,0,0,6,6,0,6,6,6,4,6,6,6,3,5,1,3,1,1,5,5,5,5,3,5,5,5,5,5,5,0,3,5
"# 必要なパッケージを読み込む","","","",NA,NA,NA,NA,NA,NA,NA,NA,NA,NA,NA,NA,"",NA,NA,NA,NA,NA,NA,NA,NA,NA,NA,NA,NA,NA,NA,NA,NA,NA,NA,NA,NA,NA,NA,NA,NA,NA,NA,NA,NA,NA,NA,NA,NA,NA,NA,NA
"> library(dplyr)","","","",NA,NA,NA,NA,NA,NA,NA,NA,NA,NA,NA,NA,"",NA,NA,NA,NA,NA,NA,NA,NA,NA,NA,NA,NA,NA,NA,NA,NA,NA,NA,NA,NA,NA,NA,NA,NA,NA,NA,NA,NA,NA,NA,NA,NA,NA,NA,NA
"> > # データを読み込む","","","",NA,NA,NA,NA,NA,NA,NA,NA,NA,NA,NA,NA,"",NA,NA,NA,NA,NA,NA,NA,NA,NA,NA,NA,NA,NA,NA,NA,NA,NA,NA,NA,NA,NA,NA,NA,NA,NA,NA,NA,NA,NA,NA,NA,NA,NA,NA,NA
"> data <- read.csv(data.csv"," stringsAsFactors = FALSE)","","",NA,NA,NA,NA,NA,NA,NA,NA,NA,NA,NA,NA,"",NA,NA,NA,NA,NA,NA,NA,NA,NA,NA,NA,NA,NA,NA,NA,NA,NA,NA,NA,NA,NA,NA,NA,NA,NA,NA,NA,NA,NA,NA,NA,NA,NA,NA,NA
